order_id,date,time,order_type,branch_code,order_items,order_price,customer_lat,customer_lon,customerHasloyalty?,distance_to_customer_KM,delivery_fee
ORDK01703,2018-11-15,18:28:43,Dinner,BK,"[('Pasta', 3), ('Salmon', 6)]",328.5,-37.8186191,144.9679552,0,7.513,13.9200897
ORDX01327,2018-02-10,09:21:07,Breakfast,BK,"[('Pancake', 1), ('Coffee', 5)]",61.75,-37.8068625,144.9659449,0,7.178,14.4394802
ORDC09618,2018-07-25,14:45:38,Lunch,NS,"[('Chicken', 10), ('Salad', 2), ('Burger', 6), ('Steak', 9), ('Fries', 10)]",1065.4,-37.8117481,144.9565163,0,8.1,13.5502458
ORDA07612,2018-12-24,19:49:51,Dinner,BK,"[('Fish&Chips', 6), ('Pasta', 2), ('Shrimp', 8), ('Salmon', 6)]",943.0,-37.8216085,144.933785,0,10.787,17.9246253
ORDJ05542,2018-06-26,13:44:47,Lunch,TP,"[('Steak', 3), ('Salad', 3)]",186.6,-37.8252508,144.9846997,0,8.993,12.75723
ORDB09835,2018-12-28,20:00:00,Dinner,TP,"[('Shrimp', 5), ('Pasta', 6)]",435.0,-37.819633,144.952039,0,8.609,13.0086234
ORDA09744,2018-11-03,18:08:27,Dinner,BK,"[('Pasta', 7), ('Salmon', 7), ('Shrimp', 6), ('Fish&Chips', 1)]",838.5,-37.8010605,144.9984193,0,5.45,14.305818
ORDK01459,2018-09-03,16:06:45,Dinner,BK,"[('Fish&Chips', 2), ('Pasta', 6)]",235.0,-37.8191354,145.0101101,0,4.268,16.8308874
ORDJ10518,2018-09-18,16:37:10,Dinner,TP,"[('Salmon', 10), ('Fish&Chips', 3), ('Pasta', 7)]",707.5,-37.8248459,144.9469185,0,8.911,13.1864474
ORDB07106,2018-07-24,14:45:38,Lunch,TP,"[('Salad', 6), ('Fries', 9)]",211.2,-37.8035011,144.9499752,0,9.934,13.2745748
ORDK08770,2018-06-13,13:24:30,Lunch,BK,"[('Fries', 6), ('Steak', 2), ('Salad', 7), ('Chicken', 5)]",442.4,-37.8119496,145.0119796,0,3.623,9.0465968
ORDK08434,2018-11-21,18:49:00,Dinner,BK,"[('Salmon', 3), ('Fish&Chips', 10)]",473.0,-37.8007346,145.0020597,0,5.061,11.457994
ORDC00725,2018-05-03,12:03:22,Lunch,NS,"[('Salad', 6), ('Burger', 5), ('Steak', 8), ('Chicken', 6)]",810.2,-37.8006866,144.9787421,0,6.95,12.0658541
ORDX05189,2018-05-23,12:43:56,Lunch,BK,"[('Steak', 7), ('Salad', 1), ('Fries', 4)]",380.2,-37.8144916,144.9837638,0,6.043,11.7427237
ORDC05767,2018-12-12,19:29:34,Dinner,NS,"[('Fish&Chips', 3), ('Shrimp', 6)]",429.0,-37.8078687,144.9803343,0,7.624,13.6387929
ORDC08493,2018-12-14,19:29:34,Dinner,NS,"[('Pasta', 5), ('Fish&Chips', 9), ('Salmon', 7)]",739.5,-37.8094704,144.9727182,0,7.267,13.1693677
ORDX00466,2018-02-06,09:10:59,Breakfast,BK,"[('Pancake', 7), ('Eggs', 9), ('Cereal', 8)]",535.75,-37.8247819,144.9888576,0,6.42,11.2098055
ORDK07441,2018-03-19,10:32:06,Breakfast,BK,"[('Pancake', 1), ('Eggs', 9), ('Coffee', 1), ('Cereal', 1)]",250.75,-37.8176167,144.9708124,0,7.846,11.9652765
ORDB03201,2018-08-03,15:05:54,Lunch,TP,"[('Burger', 5), ('Chicken', 4), ('Steak', 10)]",733.0,-37.8143541,144.9880983,0,9.727,13.0250406
ORDZ05551,2018-12-13,19:29:34,Dinner,NS,"[('Pasta', 2), ('Shrimp', 3)]",217.0,-37.818797,144.9569116,0,9.007,15.0023418
ORDB00490,2018-08-08,15:16:03,Lunch,TP,"[('Burger', 6), ('Fries', 7)]",270.0,-37.8129413,144.9858829,0,9.552,18.7231011
ORDZ10409,2018-06-18,13:34:38,Lunch,NS,"[('Burger', 8), ('Steak', 9), ('Chicken', 3)]",749.0,-37.7995568,144.9553376,0,7.464,12.7869904
ORDZ03409,2018-07-27,14:45:38,Lunch,NS,"[('Chicken', 6), ('Burger', 5), ('Fries', 2)]",371.0,-37.8271104,144.9836705,0,9.566,15.3417306
ORDZ09568,2018-06-10,13:14:21,Lunch,NS,"[('Salad', 8), ('Chicken', 2), ('Steak', 5), ('Fries', 9)]",534.6,-37.8007,144.9926214,0,8.248,15.3228939
ORDJ03489,2018-10-22,17:48:10,Dinner,TP,"[('Fish&Chips', 1), ('Salmon', 3), ('Pasta', 9), ('Shrimp', 4)]",621.5,-37.8033937,144.9830858,0,10.31,14.2502137
ORDC03952,2018-02-24,09:41:24,Breakfast,NS,"[('Pancake', 6), ('Eggs', 4), ('Cereal', 2), ('Coffee', 8)]",335.5,-37.8234726,144.9725807,0,9.261,16.6071578
ORDC02213,2018-10-08,17:17:44,Dinner,NS,"[('Salmon', 1), ('Shrimp', 8)]",473.0,-37.8175846,144.9592077,0,8.71,14.6156003
ORDI02175,2018-02-21,09:41:24,Breakfast,NS,"[('Coffee', 8), ('Cereal', 8), ('Pancake', 8)]",422.0,-37.8157514,144.9617292,0,8.335,13.1057888
ORDX07271,2018-11-28,18:59:09,Dinner,BK,"[('Salmon', 3), ('Pasta', 4)]",233.0,-37.8095675,144.9724362,0,6.719,6.95395085
ORDI10210,2018-09-19,16:37:10,Dinner,NS,"[('Shrimp', 5), ('Salmon', 10)]",680.0,-37.8256534,144.9298935,0,9.62,15.539811
ORDI05658,2018-02-27,09:51:32,Breakfast,NS,"[('Coffee', 10), ('Eggs', 5), ('Cereal', 8), ('Pancake', 3)]",425.75,-37.8062956,144.9318859,0,10.233,15.6073824
ORDA04981,2018-10-24,17:48:10,Dinner,BK,"[('Salmon', 6), ('Fish&Chips', 8), ('Pasta', 9), ('Shrimp', 5)]",1043.5,-37.8204849,144.966356,0,7.942,15.023728
ORDJ01823,2018-01-02,08:00:00,Breakfast,TP,"[('Eggs', 8), ('Pancake', 3), ('Cereal', 3)]",311.75,-37.8271781,144.9940628,1,10.062,6.3730261
ORDI05633,2018-07-29,14:55:46,Lunch,NS,"[('Chicken', 1), ('Fries', 2), ('Salad', 2)]",90.4,-37.8145064,144.9660349,0,7.968,15.9984293
ORDC04397,2018-12-27,20:00:00,Dinner,NS,"[('Fish&Chips', 5), ('Salmon', 3)]",298.0,-37.8121476,144.9704987,0,7.434,14.0079099
ORDZ08940,2018-01-20,08:30:25,Breakfast,NS,"[('Coffee', 4), ('Cereal', 3), ('Pancake', 7)]",262.75,-37.8119889,144.9383144,0,10.306,17.1546026
ORDZ06332,2018-12-06,19:19:26,Dinner,NS,"[('Pasta', 6), ('Salmon', 3)]",288.0,-37.8104815,145.015893,0,10.892,16.1226569
ORDJ07815,2018-04-27,11:53:14,Breakfast,TP,"[('Cereal', 2), ('Pancake', 8), ('Coffee', 2), ('Eggs', 2)]",295.0,-37.7999791,144.9944009,0,11.459,13.6257385
ORDK02076,2018-06-20,13:34:38,Lunch,BK,"[('Chicken', 7), ('Fries', 9)]",332.0,-37.8153397,144.940552,0,9.673,15.3849078
ORDI04426,2018-09-24,16:47:19,Dinner,NS,"[('Fish&Chips', 9), ('Shrimp', 4), ('Pasta', 7), ('Salmon', 8)]",1051.5,-37.8167053,144.9881955,0,9.047,14.5152311
ORDB00164,2018-11-01,18:08:27,Dinner,TP,"[('Fish&Chips', 8), ('Pasta', 9), ('Salmon', 1)]",568.5,-37.8187834,144.9700411,0,7.807,18.76021305
ORDA04532,2018-08-08,15:16:03,Lunch,BK,"[('Fries', 1), ('Chicken', 7)]",236.0,-37.8190118,144.9603154,0,8.117,14.050742
ORDA01212,2018-01-21,08:40:33,Breakfast,BK,"[('Pancake', 1), ('Cereal', 10)]",234.25,-37.8032344,144.9669507,0,7.532,14.8663028
ORDI08187,2018-10-27,17:58:18,Dinner,NS,"[('Pasta', 9), ('Fish&Chips', 10), ('Shrimp', 1), ('Salmon', 6)]",897.5,-37.8209865,144.9660368,0,8.919,16.9349268
ORDI10603,2018-10-12,17:27:53,Dinner,NS,"[('Pasta', 4), ('Shrimp', 8), ('Salmon', 1), ('Fish&Chips', 7)]",828.0,-37.8201259,144.9803681,0,8.615,14.9662158
ORDC00935,2018-10-15,17:27:53,Dinner,NS,"[('Salmon', 8), ('Shrimp', 5)]",598.0,-37.8111785,144.9936407,0,9.023,15.2730414
ORDI03898,2018-02-13,09:21:07,Breakfast,NS,"[('Cereal', 8), ('Coffee', 2), ('Pancake', 6)]",328.5,-37.8035334,144.9729297,0,7.008,11.9377512
ORDI03301,2018-11-07,18:18:35,Dinner,NS,"[('Pasta', 10), ('Salmon', 5), ('Fish&Chips', 4), ('Shrimp', 3)]",782.0,-37.8097097,144.9612294,0,7.675,13.4012653
ORDC07854,2018-10-05,17:07:36,Dinner,NS,"[('Salmon', 2), ('Fish&Chips', 10), ('Shrimp', 10)]",972.0,-37.808888,144.9663962,0,7.179,13.3362255
ORDJ09366,2018-08-06,15:05:54,Lunch,TP,"[('Steak', 6), ('Chicken', 6)]",462.0,-37.8058912,144.9635084,0,9.125,12.1382158
ORDB07252,2018-10-21,17:38:01,Dinner,TP,"[('Salmon', 8), ('Shrimp', 9), ('Fish&Chips', 1), ('Pasta', 7)]",1041.5,-37.8077112,144.9935943,0,10.699,16.5129127
ORDA06168,2018-09-01,15:56:37,Lunch,BK,"[('Fries', 1), ('Salad', 2), ('Chicken', 1), ('Burger', 7), ('Steak', 2)]",385.4,-37.8170244,144.9530683,0,8.681,16.6297019
ORDX00820,2018-03-23,10:42:15,Breakfast,BK,"[('Coffee', 6), ('Cereal', 2), ('Pancake', 7), ('Eggs', 10)]",476.75,-37.799476,144.9552516,0,8.53,13.2216827
ORDJ05184,2018-08-28,15:56:37,Lunch,TP,"[('Salad', 6), ('Steak', 5), ('Burger', 3), ('Chicken', 6), ('Fries', 2)]",637.2,-37.8016989,144.9790637,0,10.136,13.0662897
ORDI05621,2018-08-30,15:56:37,Lunch,NS,"[('Fries', 5), ('Burger', 7)]",277.0,-37.8174787,144.9704325,0,8.782,14.3699746
ORDJ06050,2018-03-14,10:21:58,Breakfast,TP,"[('Pancake', 10), ('Cereal', 7), ('Coffee', 9)]",457.0,-37.8195096,144.9848548,0,9.291,11.773909
ORDC03018,2018-01-07,08:10:08,Breakfast,NS,"[('Coffee', 8), ('Pancake', 7)]",229.75,-37.8125407,144.9364331,1,10.044,8.9543575
ORDA01712,2018-05-11,12:13:31,Lunch,BK,"[('Fries', 10), ('Burger', 6), ('Chicken', 9), ('Steak', 8)]",954.0,-37.8245778,145.0111849,0,5.017,10.719158
ORDI07204,2018-03-24,10:42:15,Breakfast,NS,"[('Coffee', 4), ('Cereal', 7)]",177.0,-37.8185265,144.9840998,0,8.941,15.7886699
ORDZ09904,2018-04-30,11:53:14,Breakfast,NS,"[('Coffee', 5), ('Eggs', 1), ('Cereal', 3)]",122.5,-37.8069779,144.9583186,0,7.804,12.6110046
ORDI01488,2018-04-24,11:43:05,Breakfast,NS,"[('Cereal', 1), ('Eggs', 7), ('Coffee', 1)]",182.5,-37.8015661,145.0020204,0,9.212,14.2077822
ORDJ02255,2018-05-05,12:03:22,Lunch,TP,"[('Steak', 3), ('Fries', 3), ('Salad', 1), ('Chicken', 3)]",284.2,-37.8189445,144.9466798,0,9.17,14.2815941
ORDJ06008,2018-10-26,17:48:10,Dinner,TP,"[('Fish&Chips', 3), ('Shrimp', 8), ('Pasta', 9), ('Salmon', 4)]",948.5,-37.8109859,144.9587939,0,8.696,12.5978499
ORDB02957,2018-11-22,18:49:00,Dinner,TP,"[('Pasta', 9), ('Shrimp', 9), ('Salmon', 5)]",938.5,-37.8185829,144.9827401,0,8.981,12.8214444
ORDZ01854,2018-06-24,13:44:47,Lunch,NS,"[('Burger', 6), ('Steak', 4), ('Salad', 5), ('Fries', 10)]",572.0,-37.8118044,144.9562004,0,8.129,23.067697350000003
ORDY07118,2018-03-24,10:42:15,Breakfast,TP,"[('Coffee', 6), ('Pancake', 9)]",263.25,-37.8200618,145.0132237,0,11.774,15.3697852
ORDJ03999,2018-12-02,19:09:17,Dinner,TP,"[('Salmon', 9), ('Fish&Chips', 3)]",474.0,-37.8209945,144.9880498,0,9.431,15.4890371
ORDZ08766,2018-08-17,15:26:11,Lunch,NS,"[('Steak', 2), ('Burger', 8), ('Fries', 4), ('Salad', 5), ('Chicken', 4)]",600.0,-37.7994049,144.9999215,0,9.035,14.2561522
ORDK05196,2018-11-07,18:18:35,Dinner,BK,"[('Pasta', 10), ('Salmon', 5), ('Shrimp', 7)]",858.0,-37.810176,144.9614425,0,7.613,14.9571122
ORDA05471,2018-08-27,15:56:37,Lunch,BK,"[('Burger', 1), ('Chicken', 10)]",351.0,-37.8145236,144.9350789,0,10.24,16.7483349
ORDC02081,2018-10-17,17:38:01,Dinner,NS,"[('Pasta', 10), ('Shrimp', 7), ('Fish&Chips', 9)]",968.0,-37.814971,144.9751389,0,7.899,13.8326325
ORDB09688,2018-02-07,09:10:59,Breakfast,TP,"[('Coffee', 3), ('Pancake', 9), ('Cereal', 8)]",408.75,-37.8244837,144.9890336,0,9.242,12.2449884
ORDC03467,2018-05-24,12:43:56,Lunch,NS,"[('Steak', 2), ('Fries', 7), ('Burger', 1)]",205.0,-37.8128845,144.9848008,0,8.48,13.9522189
ORDJ00419,2018-12-16,19:29:34,Dinner,TP,"[('Pasta', 10), ('Salmon', 10)]",685.0,-37.8062176,144.9595556,0,8.98,14.7281773
ORDX10673,2018-05-14,12:23:39,Lunch,BK,"[('Salad', 3), ('Burger', 4)]",175.6,-37.8177602,144.9788454,0,6.764,12.6053013
ORDY04271,2018-05-28,12:54:05,Lunch,TP,"[('Salad', 8), ('Fries', 1), ('Chicken', 1), ('Burger', 2)]",243.6,-37.8075547,144.9502989,0,9.471,12.9092059
ORDI05846,2018-09-19,16:37:10,Dinner,NS,"[('Shrimp', 2), ('Pasta', 10)]",383.0,-37.8179282,144.9745447,0,8.192,14.6650359
ORDZ09562,2018-01-16,08:20:16,Breakfast,NS,"[('Coffee', 9), ('Eggs', 8)]",243.5,-37.8136923,144.9387978,1,9.787,7.1865778
ORDK04126,2018-11-20,18:38:52,Dinner,BK,"[('Fish&Chips', 2), ('Shrimp', 9), ('Pasta', 2), ('Salmon', 1)]",652.0,-37.8237726,145.0157724,0,4.821,10.9697225
ORDY04762,2018-07-10,14:15:12,Lunch,TP,"[('Burger', 10), ('Salad', 4), ('Chicken', 6), ('Fries', 7), ('Steak', 5)]",879.8,-37.8243679,144.9828821,0,8.907,11.8762633
ORDI03384,2018-01-11,08:20:16,Breakfast,NS,"[('Cereal', 10), ('Eggs', 1), ('Coffee', 2)]",247.0,-37.8077516,144.971208,1,7.013,6.0562118
ORDZ08539,2018-06-19,13:34:38,Lunch,NS,"[('Fries', 8), ('Steak', 8), ('Salad', 6), ('Burger', 9), ('Chicken', 5)]",998.2,-37.8227517,145.0039638,0,10.783,16.4234776
ORDI05033,2018-07-28,14:55:46,Lunch,NS,"[('Burger', 1), ('Chicken', 3), ('Salad', 5), ('Fries', 3), ('Steak', 9)]",654.0,-37.8129615,144.9597068,0,8.056,15.5918648
ORDY09298,2018-11-15,18:28:43,Dinner,TP,"[('Salmon', 1), ('Shrimp', 9)]",527.0,-37.8097832,144.9784224,0,9.245,13.4582297
ORDB00973,2018-12-06,19:09:17,Dinner,TP,"[('Shrimp', 3), ('Salmon', 3), ('Fish&Chips', 10), ('Pasta', 9)]",882.5,-37.8148953,144.9689667,0,8.18,12.3989341
ORDX06571,2018-05-13,12:23:39,Lunch,BK,"[('Chicken', 10), ('Steak', 6), ('Fries', 1)]",602.0,-37.8011739,144.9416032,0,11.056,19.6076819
ORDC03444,2018-07-31,14:55:46,Lunch,NS,"[('Burger', 4), ('Chicken', 10)]",444.0,-37.800251,144.9624289,0,6.829,12.3701737
ORDZ10193,2018-03-01,09:51:32,Breakfast,NS,"[('Pancake', 1), ('Eggs', 1), ('Cereal', 5)]",151.25,-37.8232628,144.9830236,0,9.365,22.35308235
ORDB01653,2018-07-16,14:25:21,Lunch,TP,"[('Steak', 2), ('Salad', 5), ('Fries', 9), ('Burger', 7)]",501.0,-37.805603,144.9948279,0,11.007,13.293934
ORDZ05860,2018-09-18,16:37:10,Dinner,NS,"[('Fish&Chips', 10), ('Pasta', 6)]",515.0,-37.8076398,144.9809126,0,7.635,13.0119518
ORDB08100,2018-11-06,18:18:35,Dinner,TP,"[('Salmon', 1), ('Shrimp', 7), ('Fish&Chips', 3)]",524.0,-37.8072334,144.9597926,0,8.87,12.8684156
ORDK00278,2018-02-05,09:10:59,Breakfast,BK,"[('Pancake', 8), ('Eggs', 10), ('Cereal', 10), ('Coffee', 1)]",631.5,-37.8210844,144.9550887,0,8.586,13.1370991
ORDZ03488,2018-10-01,17:07:36,Dinner,NS,"[('Fish&Chips', 7), ('Shrimp', 7)]",623.0,-37.8040983,144.9334214,0,10.016,15.804527
ORDZ05955,2018-07-23,14:45:38,Lunch,NS,"[('Chicken', 8), ('Steak', 8), ('Burger', 7)]",833.0,-37.8244094,145.0086985,0,11.351,16.8481987
ORDY10912,2018-05-02,11:53:14,Breakfast,TP,"[('Cereal', 2), ('Pancake', 1), ('Eggs', 2), ('Coffee', 9)]",177.75,-37.8097473,144.9727841,0,9.039,11.5442408
ORDZ03411,2018-12-14,19:29:34,Dinner,NS,"[('Shrimp', 6), ('Pasta', 1), ('Fish&Chips', 9), ('Salmon', 10)]",1076.5,-37.8234116,144.9768943,0,9.09,22.57705815
ORDA10671,2018-03-11,10:11:49,Breakfast,BK,"[('Eggs', 1), ('Pancake', 5), ('Coffee', 6)]",188.25,-37.8040912,144.9634073,0,7.605,22.6599789
ORDB06051,2018-07-03,14:05:04,Lunch,TP,"[('Salad', 9), ('Steak', 1), ('Chicken', 9)]",487.8,-37.8114868,144.9645604,0,8.42,11.8160386
ORDY10550,2018-10-31,17:58:18,Dinner,TP,"[('Fish&Chips', 8), ('Shrimp', 1), ('Pasta', 10)]",609.0,-37.8157135,144.9983034,0,10.637,14.5077764
ORDX02950,2018-07-14,14:25:21,Lunch,BK,"[('Chicken', 3), ('Burger', 8), ('Fries', 7)]",428.0,-37.8221843,144.947702,0,9.293,17.9090444
ORDX04581,2018-06-27,13:54:55,Lunch,BK,"[('Steak', 3), ('Chicken', 6), ('Burger', 3)]",420.0,-37.8042149,145.006086,0,5.493,11.4780183
ORDI04644,2018-03-26,10:42:15,Breakfast,NS,"[('Pancake', 9), ('Coffee', 5), ('Eggs', 4), ('Cereal', 8)]",511.75,-37.8062807,144.9735035,0,6.902,11.6597687
ORDI01781,2018-05-05,12:03:22,Lunch,NS,"[('Steak', 10), ('Salad', 7), ('Fries', 8), ('Chicken', 9)]",954.4,-37.811512,145.0098666,0,10.314,17.5899589
ORDA09984,2018-06-27,13:44:47,Lunch,BK,"[('Steak', 5), ('Salad', 3), ('Chicken', 8)]",532.6,-37.80942,144.9518797,0,8.533,22.35498435
ORDX01758,2018-05-29,12:54:05,Lunch,BK,"[('Steak', 4), ('Burger', 4), ('Chicken', 8)]",560.0,-37.81214,145.01541,0,2.761,8.233463
ORDX05759,2018-08-24,15:46:28,Lunch,BK,"[('Salad', 8), ('Chicken', 7), ('Steak', 7), ('Fries', 4), ('Burger', 8)]",972.6,-37.8018557,144.9544312,0,8.435,14.8924978
ORDI07173,2018-10-22,17:48:10,Dinner,NS,"[('Shrimp', 4), ('Salmon', 5), ('Pasta', 6)]",586.0,-37.8206984,144.9669078,0,8.82,14.8314516
ORDA07184,2018-11-11,18:18:35,Dinner,BK,"[('Shrimp', 5), ('Fish&Chips', 3), ('Salmon', 7), ('Pasta', 2)]",717.0,-37.8059163,144.9615974,0,7.628,17.1620078
ORDX09453,2018-04-27,11:43:05,Breakfast,BK,"[('Coffee', 4), ('Eggs', 1), ('Cereal', 3)]",115.0,-37.8105953,144.9653759,0,7.373,12.7196832
ORDA01453,2018-03-09,10:11:49,Breakfast,BK,"[('Cereal', 1), ('Eggs', 6), ('Coffee', 9)]",220.5,-37.8141627,144.9776608,0,6.429,11.4530749
ORDZ02452,2018-01-07,08:10:08,Breakfast,NS,"[('Pancake', 5), ('Cereal', 6)]",247.25,-37.8125407,144.9364331,1,10.044,8.5057985
ORDB03169,2018-06-01,12:54:05,Lunch,TP,"[('Fries', 7), ('Burger', 5), ('Salad', 10), ('Steak', 7), ('Chicken', 1)]",758.0,-37.7949801,144.9309314,0,11.848,14.4941241
ORDX08474,2018-11-22,18:49:00,Dinner,BK,"[('Shrimp', 9), ('Salmon', 1)]",527.0,-37.8113535,144.9731957,0,6.791,13.3767312
ORDA08639,2018-03-07,10:01:41,Breakfast,BK,"[('Eggs', 5), ('Pancake', 3), ('Cereal', 2)]",224.75,-37.8071735,144.9672781,0,7.044,12.1910047
ORDY00473,2018-11-23,18:49:00,Dinner,TP,"[('Fish&Chips', 10), ('Pasta', 2), ('Shrimp', 10)]",945.0,-37.8072851,144.9683263,0,9.184,13.7074427
ORDI02573,2018-07-15,14:25:21,Lunch,NS,"[('Steak', 7), ('Salad', 6)]",418.2,-37.8186136,144.9991629,0,10.053,17.4792418
ORDJ03464,2018-01-04,08:00:00,Breakfast,TP,"[('Cereal', 3), ('Pancake', 6), ('Eggs', 6)]",340.5,-37.8048939,144.9615325,1,12.065,6.9023057
ORDJ05129,2018-06-23,13:44:47,Lunch,TP,"[('Fries', 2), ('Burger', 3), ('Salad', 5), ('Chicken', 1), ('Steak', 2)]",325.0,-37.8036392,144.9922661,0,10.949,15.1559575
ORDK01501,2018-03-26,10:42:15,Breakfast,BK,"[('Pancake', 10), ('Cereal', 7), ('Coffee', 9), ('Eggs', 10)]",677.0,-37.8055337,144.9736039,0,6.775,11.3858943
ORDI09730,2018-05-21,12:33:48,Lunch,NS,"[('Burger', 10), ('Salad', 9), ('Chicken', 9), ('Steak', 6), ('Fries', 3)]",1058.8,-37.8057025,144.9575884,0,7.825,13.3136092
ORDZ10742,2018-04-08,11:12:40,Breakfast,NS,"[('Pancake', 4), ('Cereal', 5)]",202.0,-37.809687,144.9636474,0,7.436,13.9790915
ORDC07245,2018-12-02,19:09:17,Dinner,NS,"[('Pasta', 1), ('Salmon', 2)]",109.5,-37.8137335,144.9721162,0,7.694,15.5756095
ORDK02960,2018-08-08,15:16:03,Lunch,BK,"[('Chicken', 3), ('Steak', 1), ('Salad', 2)]",175.4,-37.8129413,144.9858829,0,5.651,11.523113
ORDZ08537,2018-03-18,10:32:06,Breakfast,NS,"[('Cereal', 8), ('Coffee', 8), ('Pancake', 10)]",470.5,-37.8114627,144.9729188,0,7.439,14.4645759
ORDJ06980,2018-10-03,17:07:36,Dinner,TP,"[('Pasta', 9), ('Fish&Chips', 9), ('Salmon', 10), ('Shrimp', 10)]",1512.5,-37.8028362,144.9632239,0,9.537,13.8421951
ORDC09531,2018-02-19,09:31:16,Breakfast,NS,"[('Coffee', 9), ('Cereal', 4)]",151.5,-37.8184938,144.9442143,0,9.854,15.5151532
ORDC05982,2018-12-29,20:00:00,Dinner,NS,"[('Pasta', 2), ('Fish&Chips', 3)]",160.0,-37.8222945,144.9854354,0,9.284,17.7567664
ORDZ03037,2018-02-06,09:10:59,Breakfast,NS,"[('Pancake', 8), ('Eggs', 9), ('Coffee', 9)]",459.5,-37.824468,144.9885246,0,9.618,14.3147332
ORDB02848,2018-02-07,09:10:59,Breakfast,TP,"[('Coffee', 4), ('Eggs', 8)]",206.0,-37.8161217,144.9725398,0,8.212,10.9763741
ORDA02679,2018-08-16,15:26:11,Lunch,BK,"[('Fries', 10), ('Salad', 4), ('Steak', 7), ('Chicken', 10)]",823.8,-37.8172506,144.9553735,0,8.568,14.7775088
ORDY08140,2018-07-16,14:25:21,Lunch,TP,"[('Salad', 8), ('Chicken', 9), ('Steak', 7), ('Fries', 2), ('Burger', 7)]",981.6,-37.8139283,144.9441482,0,9.726,13.4419795
ORDA10534,2018-02-04,09:00:50,Breakfast,BK,"[('Coffee', 9), ('Pancake', 9)]",285.75,-37.8167846,144.9915803,0,5.528,6.5461987
ORDY09950,2018-10-08,17:17:44,Dinner,TP,"[('Fish&Chips', 1), ('Salmon', 7)]",322.0,-37.8137533,144.9573296,0,8.407,12.718666
ORDY00684,2018-07-27,14:45:38,Lunch,TP,"[('Fries', 1), ('Burger', 6)]",198.0,-37.8112693,144.9909981,0,10.114,13.2893988
ORDJ00845,2018-12-05,19:09:17,Dinner,TP,"[('Salmon', 2), ('Pasta', 7)]",274.5,-37.8188099,144.9549068,0,8.34,12.7916112
ORDB04029,2018-01-01,08:00:00,Breakfast,TP,"[('Cereal', 9), ('Eggs', 4)]",277.0,-37.8078848,144.9577193,1,9.083,6.1960609
ORDI02914,2018-10-05,17:07:36,Dinner,NS,"[('Pasta', 3), ('Fish&Chips', 2), ('Salmon', 2), ('Shrimp', 5)]",504.5,-37.8036822,144.9924598,0,8.356,14.4204827
ORDK01456,2018-06-22,13:44:47,Lunch,BK,"[('Fries', 2), ('Salad', 8)]",161.6,-37.7998186,144.9927729,0,5.817,11.9918838
ORDZ08753,2018-12-29,20:00:00,Dinner,NS,"[('Shrimp', 2), ('Pasta', 6), ('Salmon', 2)]",355.0,-37.8157545,144.9369091,0,9.992,17.6978557
ORDX11096,2018-07-08,14:15:12,Lunch,BK,"[('Burger', 6), ('Steak', 10), ('Fries', 9), ('Chicken', 9), ('Salad', 1)]",1049.2,-37.8169046,144.9780254,0,6.765,14.7839914
ORDB04784,2018-09-12,16:27:02,Dinner,TP,"[('Shrimp', 9), ('Salmon', 9), ('Pasta', 7), ('Fish&Chips', 9)]",1362.5,-37.8005538,144.9911639,0,11.158,15.08636
ORDX01009,2018-03-25,10:42:15,Breakfast,BK,"[('Cereal', 1), ('Coffee', 3)]",43.5,-37.8093808,144.9729656,0,6.655,14.3479418
ORDC02073,2018-09-27,16:57:27,Dinner,NS,"[('Salmon', 4), ('Pasta', 3)]",246.5,-37.8083253,144.9434194,0,9.237,15.6989211
ORDZ00866,2018-04-07,11:12:40,Breakfast,NS,"[('Pancake', 2), ('Coffee', 8), ('Cereal', 1)]",129.5,-37.8147977,145.0118159,0,10.859,17.4902444
ORDA07129,2018-07-07,14:05:04,Lunch,BK,"[('Burger', 5), ('Salad', 7), ('Fries', 2)]",299.4,-37.7991215,144.9675998,0,7.94,16.4310749
ORDI04108,2018-03-03,10:01:41,Breakfast,NS,"[('Coffee', 4), ('Pancake', 2), ('Cereal', 2), ('Eggs', 8)]",296.5,-37.8222824,145.0155699,0,11.724,18.9012041
ORDA06980,2018-09-27,16:57:27,Dinner,BK,"[('Fish&Chips', 8), ('Pasta', 7), ('Shrimp', 10), ('Salmon', 8)]",1340.5,-37.8234102,144.9782897,0,7.211,14.5275608
ORDB04597,2018-10-15,17:27:53,Dinner,TP,"[('Shrimp', 4), ('Pasta', 2), ('Fish&Chips', 4)]",411.0,-37.8107072,144.9959318,0,10.629,15.1853948
ORDJ10925,2018-02-21,09:41:24,Breakfast,TP,"[('Pancake', 8), ('Eggs', 4)]",282.0,-37.810386,144.992749,0,10.348,12.7482128
ORDB05871,2018-08-30,15:56:37,Lunch,TP,"[('Burger', 6), ('Chicken', 10)]",506.0,-37.8174011,144.9705456,0,7.924,12.3003482
ORDB01160,2018-09-10,16:16:54,Dinner,TP,"[('Shrimp', 8), ('Salmon', 1), ('Fish&Chips', 10)]",823.0,-37.8162093,144.9640567,0,7.783,11.9387045
ORDJ01842,2018-08-05,15:05:54,Lunch,TP,"[('Chicken', 9), ('Salad', 2)]",322.4,-37.813293,144.9514548,0,9.059,13.8502825
ORDJ09703,2018-01-29,08:50:42,Breakfast,TP,"[('Eggs', 9), ('Coffee', 6)]",243.0,-37.8239379,144.9379511,0,9.805,12.3336143
ORDJ04373,2018-10-13,17:27:53,Dinner,TP,"[('Shrimp', 6), ('Pasta', 4), ('Fish&Chips', 9)]",749.0,-37.806085,144.9418058,0,10.311,15.7970167
ORDY01944,2018-04-16,11:22:49,Breakfast,TP,"[('Pancake', 10), ('Cereal', 2), ('Coffee', 8)]",344.5,-37.8139572,144.9560267,0,8.542,11.3629758
ORDA09466,2018-12-17,19:39:43,Dinner,BK,"[('Pasta', 9), ('Salmon', 7), ('Shrimp', 4), ('Fish&Chips', 8)]",1030.5,-37.8058101,144.9490186,0,8.765,7.96132775
ORDC11022,2018-05-11,12:13:31,Lunch,NS,"[('Fries', 2), ('Steak', 6), ('Chicken', 1), ('Salad', 9)]",480.8,-37.8168807,144.9615079,0,8.507,13.952746
ORDK09212,2018-07-29,14:55:46,Lunch,BK,"[('Salad', 7), ('Burger', 1), ('Fries', 2)]",175.4,-37.8115146,144.9646816,0,7.423,15.9571448
ORDA05631,2018-01-03,08:00:00,Breakfast,BK,"[('Cereal', 6), ('Coffee', 10), ('Pancake', 8)]",395.0,-37.8134943,144.9415645,1,9.547,7.5120798
ORDK03795,2018-10-11,17:17:44,Dinner,BK,"[('Pasta', 9), ('Shrimp', 7)]",625.5,-37.8224422,144.9718403,0,7.784,14.5590353
ORDI02208,2018-10-12,17:27:53,Dinner,NS,"[('Pasta', 2), ('Fish&Chips', 3), ('Salmon', 5), ('Shrimp', 5)]",635.0,-37.8159539,144.9865358,0,8.919,14.7408912
ORDK00839,2018-07-03,14:05:04,Lunch,BK,"[('Chicken', 1), ('Salad', 9), ('Steak', 7), ('Fries', 7)]",585.8,-37.8096698,144.9637071,0,7.4,12.9016449
ORDC06671,2018-01-12,08:20:16,Breakfast,NS,"[('Eggs', 4), ('Coffee', 7), ('Cereal', 7), ('Pancake', 2)]",336.0,-37.8233926,144.9619121,1,9.351,6.732027
ORDA10668,2018-05-07,12:03:22,Lunch,BK,"[('Salad', 10), ('Burger', 9)]",451.0,-37.8070784,144.9556666,0,8.201,14.0015455
ORDK03532,2018-07-16,14:25:21,Lunch,BK,"[('Chicken', 4), ('Burger', 5), ('Salad', 7)]",403.4,-37.8198422,144.9408034,0,9.989,16.0696068
ORDB07302,2018-05-25,12:43:56,Lunch,TP,"[('Burger', 3), ('Steak', 2), ('Salad', 6)]",286.2,-37.8097268,144.9900345,0,10.164,13.6237974
ORDB09419,2018-06-23,13:44:47,Lunch,TP,"[('Steak', 1), ('Salad', 1), ('Fries', 3)]",98.2,-37.8060521,144.9580733,0,9.101,13.974684
ORDI05119,2018-12-01,18:59:09,Dinner,NS,"[('Salmon', 4), ('Shrimp', 4)]",380.0,-37.8178183,144.9887553,0,9.195,17.1529389
ORDB08778,2018-03-19,10:32:06,Breakfast,TP,"[('Pancake', 5), ('Coffee', 1), ('Eggs', 3)]",194.75,-37.8125156,144.9568675,0,8.552,11.5623765
ORDY08810,2018-03-18,10:32:06,Breakfast,TP,"[('Pancake', 3), ('Eggs', 7), ('Coffee', 9), ('Cereal', 10)]",504.25,-37.8113706,144.9728774,0,8.852,13.4162206
ORDX07937,2018-02-24,09:41:24,Breakfast,BK,"[('Coffee', 2), ('Eggs', 8)]",191.0,-37.8117936,145.008416,0,3.431,10.4634239
ORDB09347,2018-03-27,10:42:15,Breakfast,TP,"[('Pancake', 6), ('Coffee', 7), ('Cereal', 2), ('Eggs', 5)]",350.0,-37.812419,144.9538206,0,8.859,11.234951
ORDY04263,2018-02-05,09:00:50,Breakfast,TP,"[('Pancake', 7), ('Cereal', 10)]",379.75,-37.8197378,145.0106624,0,11.541,13.6134514
ORDX04720,2018-05-19,12:33:48,Lunch,BK,"[('Fries', 8), ('Burger', 9), ('Chicken', 9), ('Steak', 7), ('Salad', 1)]",995.2,-37.8211522,144.9997379,0,5.26,13.6043011
ORDK08045,2018-04-04,11:02:32,Breakfast,BK,"[('Cereal', 2), ('Eggs', 8), ('Coffee', 9), ('Pancake', 3)]",358.25,-37.8214425,144.9450779,0,9.553,14.9970244
ORDY10750,2018-04-25,11:43:05,Breakfast,TP,"[('Pancake', 8), ('Cereal', 8)]",362.0,-37.8186403,144.9534633,0,8.541,11.5174185
ORDY02572,2018-07-12,14:25:21,Lunch,TP,"[('Fries', 5), ('Steak', 1), ('Burger', 8), ('Chicken', 5)]",513.0,-37.8218392,144.951834,0,8.484,12.272509
ORDX10798,2018-06-12,13:24:30,Lunch,BK,"[('Steak', 5), ('Salad', 10), ('Fries', 3)]",433.0,-37.8150464,144.9418553,0,9.532,15.5044493
ORDC03386,2018-10-11,17:17:44,Dinner,NS,"[('Fish&Chips', 7), ('Salmon', 1), ('Shrimp', 1), ('Pasta', 1)]",367.5,-37.8120417,144.9531543,0,8.454,14.3824133
ORDZ07986,2018-04-20,11:32:57,Breakfast,NS,"[('Eggs', 10), ('Coffee', 7)]",272.5,-37.8172931,144.953262,0,8.989,14.1753483
ORDB02453,2018-09-01,16:06:45,Dinner,TP,"[('Fish&Chips', 5), ('Pasta', 10), ('Shrimp', 1), ('Salmon', 8)]",832.0,-37.8165469,144.9547695,0,8.472,14.182455
ORDA07711,2018-06-29,13:54:55,Lunch,BK,"[('Steak', 1), ('Fries', 9), ('Salad', 6)]",256.2,-37.8269626,144.9829125,0,8.242,14.1636414
ORDK07927,2018-07-11,14:15:12,Lunch,BK,"[('Chicken', 7), ('Fries', 10), ('Steak', 6), ('Salad', 9), ('Burger', 9)]",1047.8,-37.8204964,144.9572389,0,8.391,14.1773421
ORDY09916,2018-05-23,12:43:56,Lunch,TP,"[('Steak', 2), ('Chicken', 5), ('Salad', 6)]",353.2,-37.8146853,144.9839096,0,9.351,19.2141879
ORDK07100,2018-10-06,17:07:36,Dinner,BK,"[('Fish&Chips', 4), ('Salmon', 5)]",345.0,-37.799787,144.9579614,0,9.605,19.7342216
ORDC00779,2018-11-27,18:59:09,Dinner,NS,"[('Shrimp', 6), ('Salmon', 10)]",734.0,-37.8169773,144.9768829,0,8.36,14.1795939
ORDZ03695,2018-07-29,14:55:46,Lunch,NS,"[('Salad', 8), ('Chicken', 3)]",233.6,-37.8150276,144.945058,0,9.182,16.874158
ORDY07501,2018-12-28,20:00:00,Dinner,TP,"[('Salmon', 10), ('Shrimp', 6), ('Fish&Chips', 5), ('Pasta', 4)]",1019.0,-37.7983379,145.0069061,0,12.72,16.6621645
ORDJ10531,2018-03-21,10:32:06,Breakfast,TP,"[('Pancake', 4), ('Cereal', 10), ('Eggs', 8)]",483.0,-37.8158761,144.9612007,0,8.111,10.9669711
ORDK02289,2018-05-11,12:13:31,Lunch,BK,"[('Fries', 2), ('Burger', 2), ('Chicken', 8), ('Steak', 3), ('Salad', 5)]",563.0,-37.8104554,144.9905048,0,5.051,10.8712877
ORDK05251,2018-01-08,08:10:08,Breakfast,BK,"[('Pancake', 10), ('Cereal', 1)]",263.5,-37.8175604,144.9322261,1,10.605,7.7863022
ORDY03420,2018-02-16,09:31:16,Breakfast,TP,"[('Cereal', 1), ('Coffee', 9), ('Eggs', 10), ('Pancake', 4)]",405.5,-37.806016,144.9400612,0,10.487,6.61524735
ORDY02892,2018-10-23,17:48:10,Dinner,TP,"[('Fish&Chips', 7), ('Pasta', 5), ('Salmon', 6)]",628.5,-37.8197385,144.970092,0,7.75,12.2152574
ORDA04629,2018-11-06,18:18:35,Dinner,BK,"[('Shrimp', 4), ('Fish&Chips', 5), ('Pasta', 7)]",583.5,-37.8124336,144.9621758,0,7.684,14.4556779
ORDZ06279,2018-03-30,10:52:23,Breakfast,NS,"[('Coffee', 5), ('Eggs', 5)]",147.5,-37.8162393,144.9640706,0,8.279,13.5526768
ORDX10094,2018-08-08,15:16:03,Lunch,BK,"[('Chicken', 7), ('Fries', 4), ('Burger', 2), ('Steak', 9)]",739.0,-37.8265624,144.9743124,0,7.846,13.6810187
ORDZ01714,2018-05-20,12:33:48,Lunch,NS,"[('Burger', 6), ('Fries', 5), ('Salad', 7), ('Steak', 4), ('Chicken', 8)]",802.4,-37.8099889,144.9953274,0,9.012,16.926581
ORDK09765,2018-07-09,14:15:12,Lunch,BK,"[('Fries', 1), ('Steak', 3), ('Burger', 2)]",209.0,-37.816609,144.9494845,0,9.149,15.7053876
ORDC03743,2018-06-15,13:24:30,Lunch,NS,"[('Salad', 5), ('Burger', 3), ('Steak', 1)]",224.0,-37.8154393,144.966482,0,8.079,14.0806055
ORDY02006,2018-06-26,13:44:47,Lunch,TP,"[('Chicken', 2), ('Fries', 10), ('Steak', 10)]",634.0,-37.8252138,144.9847198,0,8.988,12.2284536
ORDX02516,2018-08-30,15:56:37,Lunch,BK,"[('Steak', 10), ('Burger', 6), ('Salad', 6), ('Chicken', 5), ('Fries', 9)]",1007.2,-37.8174011,144.9705456,0,7.895,13.6117766
ORDC04968,2018-03-31,10:52:23,Breakfast,NS,"[('Cereal', 6), ('Pancake', 4), ('Coffee', 5)]",260.5,-37.7988037,144.989939,0,8.122,14.9201759
ORDB02135,2018-06-04,13:04:13,Lunch,TP,"[('Fries', 8), ('Steak', 1)]",141.0,-37.8061766,144.9981085,0,11.333,13.8621923
ORDB00531,2018-04-11,11:12:40,Breakfast,TP,"[('Cereal', 8), ('Eggs', 8), ('Coffee', 5)]",381.5,-37.7994828,144.9368464,0,11.153,13.1944024
ORDA07698,2018-01-07,08:10:08,Breakfast,BK,"[('Cereal', 2), ('Eggs', 5)]",152.0,-37.8129301,144.9372432,1,10.151,8.615886
ORDB03658,2018-11-10,18:18:35,Dinner,TP,"[('Shrimp', 10), ('Fish&Chips', 6), ('Pasta', 5), ('Salmon', 3)]",1010.5,-37.8171934,144.9567295,0,8.243,13.5569163
ORDK08982,2018-01-23,08:40:33,Breakfast,BK,"[('Cereal', 2), ('Coffee', 10), ('Pancake', 1)]",141.25,-37.8189955,144.9541445,0,8.699,13.5546304
ORDA09206,2018-04-23,11:43:05,Breakfast,BK,"[('Eggs', 9), ('Cereal', 9)]",387.0,-37.8189659,144.9532,0,8.813,13.918998
ORDA08280,2018-11-22,18:49:00,Dinner,BK,"[('Salmon', 1), ('Pasta', 6), ('Shrimp', 8), ('Fish&Chips', 3)]",743.0,-37.8134906,144.9310399,0,11.296,18.1708964
ORDY08906,2018-03-30,10:52:23,Breakfast,TP,"[('Pancake', 4), ('Coffee', 2)]",112.0,-37.8122214,144.9622519,0,8.261,11.1328154
ORDI07730,2018-04-01,10:52:23,Breakfast,NS,"[('Eggs', 3), ('Pancake', 7), ('Coffee', 5)]",273.25,-37.8160628,144.9529516,0,8.832,16.1916125
ORDB03164,2018-02-12,09:21:07,Breakfast,TP,"[('Cereal', 10), ('Coffee', 10), ('Pancake', 7)]",454.75,-37.8159522,144.9731899,0,8.277,11.6727825
ORDZ10844,2018-02-18,09:31:16,Breakfast,NS,"[('Coffee', 5), ('Eggs', 2), ('Cereal', 9)]",270.5,-37.8199451,144.9686021,0,8.587,15.452422
ORDX01430,2018-05-20,12:33:48,Lunch,BK,"[('Burger', 2), ('Salad', 7), ('Steak', 6), ('Chicken', 8), ('Fries', 1)]",720.4,-37.802124,144.9569967,0,8.217,17.0045491
ORDY08254,2018-04-30,11:53:14,Breakfast,TP,"[('Pancake', 6), ('Eggs', 8), ('Coffee', 4), ('Cereal', 7)]",498.5,-37.7994496,144.9596383,0,9.899,12.4509121
ORDZ04634,2018-06-24,13:44:47,Lunch,NS,"[('Fries', 10), ('Burger', 6), ('Steak', 9), ('Chicken', 5), ('Salad', 4)]",939.8,-37.8250019,144.9827671,0,9.474,17.4307661
ORDB05042,2018-07-25,14:45:38,Lunch,TP,"[('Steak', 1), ('Burger', 2)]",107.0,-37.8117624,144.9565065,0,8.644,12.0505288
ORDB08613,2018-03-07,10:01:41,Breakfast,TP,"[('Eggs', 3), ('Coffee', 10), ('Pancake', 4), ('Cereal', 7)]",385.0,-37.8051966,144.947812,0,9.793,12.5633476
ORDI01197,2018-05-03,12:03:22,Lunch,NS,"[('Steak', 5), ('Salad', 9), ('Burger', 7)]",596.8,-37.8009482,144.9887123,0,7.883,13.2638524
ORDC03003,2018-11-17,18:38:52,Dinner,NS,"[('Fish&Chips', 2), ('Pasta', 4), ('Shrimp', 8)]",612.0,-37.7989278,144.9692712,0,6.355,14.6260566
ORDZ02765,2018-05-23,12:43:56,Lunch,NS,"[('Steak', 3), ('Burger', 3), ('Fries', 7)]",312.0,-37.8169053,145.0159065,0,11.732,17.4535741
ORDK10622,2018-04-04,11:02:32,Breakfast,BK,"[('Eggs', 1), ('Pancake', 9)]",240.25,-37.7990801,144.9891289,0,6.194,16.43587635
ORDB07508,2018-09-03,16:06:45,Dinner,TP,"[('Pasta', 3), ('Shrimp', 2)]",190.5,-37.813504,144.9376699,0,10.365,13.5692243
ORDB05455,2018-11-10,18:18:35,Dinner,TP,"[('Pasta', 8), ('Salmon', 7)]",507.0,-37.8128581,144.9357274,0,11.001,16.7213048
ORDJ04735,2018-02-27,09:51:32,Breakfast,TP,"[('Cereal', 7), ('Coffee', 10)]",222.0,-37.8107849,144.9773545,0,9.136,11.8684637
ORDX03117,2018-04-17,11:22:49,Breakfast,BK,"[('Coffee', 7), ('Cereal', 8), ('Pancake', 5)]",341.75,-37.8117896,144.9531752,0,8.449,13.3629577
ORDC07532,2018-05-20,12:33:48,Lunch,NS,"[('Steak', 6), ('Chicken', 3)]",366.0,-37.8099653,144.9953976,0,9.019,16.8080663
ORDK05279,2018-04-28,11:53:14,Breakfast,BK,"[('Coffee', 4), ('Pancake', 3)]",102.75,-37.818105,144.9802333,0,6.717,13.7778821
ORDK05112,2018-02-02,09:00:50,Breakfast,BK,"[('Eggs', 2), ('Coffee', 7), ('Pancake', 5), ('Cereal', 10)]",427.75,-37.8155572,144.9664266,0,7.533,6.31847305
ORDX10740,2018-10-06,17:07:36,Dinner,BK,"[('Pasta', 10), ('Salmon', 8)]",603.0,-37.8174608,144.9674195,0,7.455,16.6641297
ORDK00297,2018-11-10,18:18:35,Dinner,BK,"[('Fish&Chips', 4), ('Salmon', 2), ('Shrimp', 7)]",600.0,-37.8166574,144.9712319,0,7.95,17.1366422
ORDJ10544,2018-01-13,08:20:16,Breakfast,TP,"[('Eggs', 9), ('Cereal', 6), ('Coffee', 7), ('Pancake', 6)]",522.0,-37.8139388,144.9395703,1,10.171,6.9785236
ORDZ03214,2018-03-10,10:11:49,Breakfast,NS,"[('Coffee', 10), ('Eggs', 8), ('Pancake', 10), ('Cereal', 3)]",556.5,-37.8233497,144.9765454,0,9.048,16.4155445
ORDK08087,2018-08-26,15:46:28,Lunch,BK,"[('Fries', 3), ('Steak', 9), ('Chicken', 1), ('Burger', 3)]",566.0,-37.8140484,144.9379666,0,10.187,18.4823553
ORDK05250,2018-06-08,13:14:21,Lunch,BK,"[('Fries', 7), ('Steak', 2), ('Salad', 7)]",294.4,-37.8162965,144.9657629,0,7.682,13.6312312
ORDB07886,2018-06-22,13:44:47,Lunch,TP,"[('Burger', 6), ('Chicken', 5), ('Steak', 10), ('Fries', 1), ('Salad', 5)]",894.0,-37.810568,145.0159907,0,12.909,8.07429935
ORDA03267,2018-09-29,16:57:27,Dinner,BK,"[('Fish&Chips', 6), ('Shrimp', 1)]",264.0,-37.8073183,144.9534925,0,8.435,17.8127855
ORDB07404,2018-08-08,15:16:03,Lunch,TP,"[('Salad', 6), ('Fries', 10)]",223.2,-37.8046783,144.9646984,0,9.304,12.3922617
ORDY07509,2018-09-27,16:57:27,Dinner,TP,"[('Salmon', 7), ('Shrimp', 7), ('Pasta', 4), ('Fish&Chips', 7)]",1020.0,-37.8056963,144.9450585,0,10.046,14.2092312
ORDA01960,2018-02-01,09:00:50,Breakfast,BK,"[('Eggs', 3), ('Pancake', 8)]",260.0,-37.8205321,144.9791163,0,7.179,12.0063695
ORDX03311,2018-04-03,11:02:32,Breakfast,BK,"[('Pancake', 9), ('Eggs', 7), ('Coffee', 4), ('Cereal', 10)]",612.25,-37.8053507,144.97377,0,6.752,11.5303609
ORDC10504,2018-06-22,13:34:38,Lunch,NS,"[('Burger', 2), ('Chicken', 10), ('Salad', 1), ('Fries', 8), ('Steak', 8)]",855.2,-37.8102184,145.009017,0,10.509,16.1402809
ORDK05722,2018-08-25,15:46:28,Lunch,BK,"[('Chicken', 3), ('Steak', 9), ('Salad', 6), ('Burger', 4)]",728.2,-37.8053164,144.937245,0,9.83,18.3762349
ORDI01807,2018-11-12,18:28:43,Dinner,NS,"[('Pasta', 1), ('Shrimp', 3), ('Fish&Chips', 6), ('Salmon', 8)]",727.5,-37.8162933,144.9584283,0,8.601,14.3659599
ORDI08335,2018-12-14,19:29:34,Dinner,NS,"[('Salmon', 10), ('Pasta', 8)]",630.0,-37.812627,144.9627742,0,7.868,20.51635485
ORDY02729,2018-04-30,11:53:14,Breakfast,TP,"[('Eggs', 1), ('Coffee', 10)]",97.0,-37.8207765,144.9206276,0,11.291,13.4043395
ORDJ00354,2018-02-22,09:41:24,Breakfast,TP,"[('Coffee', 3), ('Pancake', 8), ('Cereal', 10), ('Eggs', 10)]",646.5,-37.8024438,145.0139305,0,12.881,15.0452508
ORDC09512,2018-11-26,18:49:00,Dinner,NS,"[('Shrimp', 5), ('Fish&Chips', 9), ('Salmon', 2), ('Pasta', 9)]",914.5,-37.8213358,144.9844195,0,9.187,15.0428422
ORDI02002,2018-06-26,13:44:47,Lunch,NS,"[('Chicken', 3), ('Salad', 7), ('Burger', 2), ('Fries', 10), ('Steak', 1)]",443.4,-37.8251693,144.9847198,0,9.554,15.0822595
ORDX05584,2018-11-25,18:49:00,Dinner,BK,"[('Pasta', 7), ('Fish&Chips', 2), ('Shrimp', 6), ('Salmon', 7)]",873.5,-37.823325,144.9533352,0,8.921,18.0811707
ORDA00466,2018-07-18,14:35:29,Lunch,BK,"[('Chicken', 10), ('Burger', 5), ('Fries', 3)]",511.0,-37.8069298,144.965933,0,7.175,12.9822712
ORDK01545,2018-02-23,09:41:24,Breakfast,BK,"[('Eggs', 6), ('Cereal', 1)]",153.0,-37.8067534,144.9325725,0,10.377,15.5043317
ORDC08864,2018-12-12,19:29:34,Dinner,NS,"[('Pasta', 10), ('Salmon', 2), ('Shrimp', 9), ('Fish&Chips', 6)]",1053.0,-37.8208956,144.9560135,0,9.352,14.9102282
ORDY10327,2018-08-06,15:05:54,Lunch,TP,"[('Fries', 1), ('Steak', 8), ('Salad', 2), ('Chicken', 7)]",630.4,-37.8111877,144.9674548,0,8.629,11.7906739
ORDB04607,2018-03-09,10:11:49,Breakfast,TP,"[('Eggs', 2), ('Coffee', 4), ('Cereal', 3), ('Pancake', 7)]",306.75,-37.8162209,144.995909,0,10.406,12.6206367
ORDK04441,2018-02-01,09:00:50,Breakfast,BK,"[('Eggs', 4), ('Coffee', 1)]",95.5,-37.7993304,144.9597181,0,8.399,13.4717167
ORDI07138,2018-12-17,19:39:43,Dinner,NS,"[('Fish&Chips', 5), ('Shrimp', 2), ('Pasta', 6)]",448.0,-37.8056528,144.9510829,0,8.437,14.4160117
ORDJ08273,2018-05-21,12:33:48,Lunch,TP,"[('Fries', 10), ('Salad', 4), ('Steak', 4), ('Chicken', 9), ('Burger', 2)]",718.8,-37.8210279,144.9548593,0,8.202,11.5715337
ORDB01408,2018-05-28,12:54:05,Lunch,TP,"[('Chicken', 5), ('Steak', 10), ('Fries', 1), ('Salad', 8)]",759.6,-37.8089529,144.9463694,0,9.769,12.7016307
ORDJ08660,2018-03-04,10:01:41,Breakfast,TP,"[('Coffee', 8), ('Cereal', 5), ('Eggs', 8), ('Pancake', 10)]",583.5,-37.8019515,144.9683576,0,9.749,14.2769774
ORDZ03241,2018-10-17,17:38:01,Dinner,NS,"[('Shrimp', 6), ('Salmon', 4), ('Pasta', 7)]",680.5,-37.8019314,144.9523124,0,7.89,13.9271827
ORDB06074,2018-09-15,16:27:02,Dinner,TP,"[('Pasta', 8), ('Shrimp', 5), ('Fish&Chips', 10), ('Salmon', 2)]",922.0,-37.815267,144.95909,0,13.792,19.2223729
ORDY02092,2018-01-22,08:40:33,Breakfast,TP,"[('Coffee', 2), ('Eggs', 4)]",103.0,-37.8214251,144.9540041,0,8.283,10.7798904
ORDA01458,2018-10-24,17:48:10,Dinner,BK,"[('Pasta', 4), ('Fish&Chips', 7), ('Shrimp', 7)]",733.0,-37.8204849,144.966356,0,7.942,14.7413625
ORDK06323,2018-06-14,13:24:30,Lunch,BK,"[('Burger', 4), ('Fries', 5), ('Steak', 7), ('Salad', 4)]",567.8,-37.8095398,144.9637886,0,7.389,12.9598381
ORDB04774,2018-06-04,13:04:13,Lunch,TP,"[('Salad', 3), ('Chicken', 4), ('Burger', 5), ('Fries', 6)]",406.6,-37.8007583,144.9344167,0,13.807,16.0658391
ORDY00505,2018-12-29,20:00:00,Dinner,TP,"[('Salmon', 7), ('Pasta', 3), ('Fish&Chips', 7)]",614.5,-37.8164079,144.9373472,0,10.444,15.9022973
ORDC07686,2018-05-24,12:43:56,Lunch,NS,"[('Burger', 7), ('Salad', 9), ('Fries', 8), ('Steak', 9), ('Chicken', 7)]",1096.8,-37.8231627,144.9790985,0,8.933,14.7462354
ORDX01851,2018-03-01,09:51:32,Breakfast,BK,"[('Cereal', 1), ('Pancake', 5), ('Coffee', 2)]",157.25,-37.8078054,144.9558732,0,8.161,13.0623825
ORDY01912,2018-02-20,09:31:16,Breakfast,TP,"[('Pancake', 10), ('Cereal', 6)]",368.5,-37.802901,144.9550213,0,9.601,6.03838475
ORDY03332,2018-12-06,19:19:26,Dinner,TP,"[('Salmon', 3), ('Pasta', 6), ('Fish&Chips', 3)]",393.0,-37.813358,144.9741379,0,8.629,13.1198211
ORDK07748,2018-09-14,16:27:02,Dinner,BK,"[('Salmon', 10), ('Shrimp', 8), ('Pasta', 6)]",1007.0,-37.8003787,144.954199,0,8.589,7.65758525
ORDI06357,2018-09-08,16:16:54,Dinner,NS,"[('Fish&Chips', 8), ('Salmon', 1), ('Shrimp', 10)]",861.0,-37.8189857,144.9738619,0,8.392,16.2687994
ORDK02822,2018-01-14,08:20:16,Breakfast,BK,"[('Pancake', 1), ('Cereal', 7), ('Coffee', 10), ('Eggs', 9)]",444.25,-37.8165715,144.9377202,1,10.013,9.0939123
ORDX10543,2018-10-02,17:07:36,Dinner,BK,"[('Salmon', 4), ('Fish&Chips', 4)]",304.0,-37.8123696,144.9736957,0,6.793,13.7939605
ORDY08626,2018-07-30,14:55:46,Lunch,TP,"[('Burger', 3), ('Steak', 3), ('Salad', 4), ('Chicken', 7)]",520.8,-37.8003197,145.0098041,0,12.697,15.7296448
ORDX09546,2018-08-17,15:36:20,Lunch,BK,"[('Burger', 7), ('Chicken', 4), ('Steak', 7), ('Fries', 3)]",696.0,-37.8154168,144.955181,0,8.421,14.2995213
ORDZ08771,2018-08-16,15:26:11,Lunch,NS,"[('Steak', 9), ('Salad', 8), ('Burger', 9), ('Chicken', 3)]",917.6,-37.8094755,144.9756474,0,7.457,12.7735128
ORDB03157,2018-06-26,13:44:47,Lunch,TP,"[('Burger', 4), ('Chicken', 2), ('Steak', 6), ('Salad', 7)]",578.4,-37.8253631,144.9846581,0,8.989,11.8647693
ORDJ02708,2018-03-10,10:11:49,Breakfast,TP,"[('Eggs', 1), ('Cereal', 3), ('Pancake', 5), ('Coffee', 10)]",281.25,-37.8101655,144.971851,0,9.006,12.7736248
ORDA10759,2018-04-23,11:43:05,Breakfast,BK,"[('Eggs', 2), ('Cereal', 2), ('Pancake', 10), ('Coffee', 2)]",343.5,-37.8189659,144.9532,0,8.813,14.0748181
ORDJ00210,2018-05-14,12:23:39,Lunch,TP,"[('Burger', 6), ('Salad', 9), ('Fries', 3), ('Chicken', 8)]",632.8,-37.8055116,144.9438299,0,10.189,21.3159567
ORDZ07363,2018-11-11,18:28:43,Dinner,NS,"[('Pasta', 6), ('Salmon', 8), ('Fish&Chips', 6), ('Shrimp', 7)]",1081.0,-37.8033086,144.9615678,0,7.144,15.3253689
ORDX06929,2018-05-07,12:03:22,Lunch,BK,"[('Chicken', 2), ('Steak', 7), ('Salad', 7), ('Fries', 4), ('Burger', 7)]",764.4,-37.8016497,144.9874269,0,6.033,11.2815686
ORDI00271,2018-03-22,10:32:06,Breakfast,NS,"[('Eggs', 9), ('Cereal', 7), ('Pancake', 6), ('Coffee', 2)]",505.5,-37.818828,144.9622987,0,8.743,13.5380969
ORDY09693,2018-02-19,09:31:16,Breakfast,TP,"[('Eggs', 7), ('Coffee', 1)]",161.5,-37.8068572,144.9462833,0,9.89,12.801439
ORDA01222,2018-11-22,18:49:00,Dinner,BK,"[('Salmon', 9), ('Shrimp', 8), ('Fish&Chips', 3)]",906.0,-37.8136538,144.9306027,0,11.339,18.3831079
ORDZ10796,2018-06-06,13:04:13,Lunch,NS,"[('Fries', 5), ('Steak', 8), ('Chicken', 6)]",612.0,-37.8032428,144.9491271,0,8.552,14.2080652
ORDX07388,2018-02-12,09:21:07,Breakfast,BK,"[('Coffee', 8), ('Cereal', 8), ('Pancake', 10)]",470.5,-37.8120814,144.9707261,0,7.02,12.0016938
ORDZ02700,2018-10-16,17:27:53,Dinner,NS,"[('Shrimp', 10), ('Pasta', 9)]",787.5,-37.8179312,144.9934494,0,9.537,15.7331302
ORDI08371,2018-03-18,10:32:06,Breakfast,NS,"[('Cereal', 2), ('Coffee', 7)]",94.5,-37.8203616,144.9895831,0,9.38,16.9115346
ORDJ06838,2018-01-08,08:10:08,Breakfast,TP,"[('Pancake', 3), ('Coffee', 4), ('Cereal', 8)]",270.75,-37.8095022,145.004336,1,11.533,6.6355255
ORDX09113,2018-04-03,11:02:32,Breakfast,BK,"[('Cereal', 3), ('Eggs', 2), ('Coffee', 8)]",167.0,-37.8118976,144.9866869,0,5.524,10.7368725
ORDX02671,2018-06-17,13:34:38,Lunch,BK,"[('Chicken', 4), ('Burger', 5), ('Salad', 10)]",455.0,-37.801844,144.9813581,0,6.546,14.8127707
ORDI10617,2018-06-02,13:04:13,Lunch,NS,"[('Chicken', 7), ('Burger', 6), ('Salad', 1), ('Fries', 2)]",451.2,-37.8005717,144.9930826,0,8.436,15.8946435
ORDJ07220,2018-08-05,15:05:54,Lunch,TP,"[('Fries', 10), ('Steak', 6), ('Burger', 7), ('Salad', 1), ('Chicken', 7)]",848.2,-37.8132768,144.951508,0,9.057,13.6233194
ORDJ10588,2018-06-05,13:04:13,Lunch,TP,"[('Fries', 9), ('Steak', 3), ('Burger', 2), ('Salad', 4)]",373.8,-37.8140249,144.9644216,0,8.076,11.9150111
ORDI01953,2018-10-11,17:17:44,Dinner,NS,"[('Shrimp', 10), ('Salmon', 2), ('Pasta', 8)]",842.0,-37.8194441,144.9620309,0,8.877,14.8631419
ORDX10479,2018-03-24,10:42:15,Breakfast,BK,"[('Eggs', 8), ('Pancake', 2), ('Cereal', 1)]",245.5,-37.8188454,144.9821163,0,6.504,13.8350476
ORDK09972,2018-01-28,08:50:42,Breakfast,BK,"[('Cereal', 2), ('Pancake', 1), ('Coffee', 8), ('Eggs', 3)]",192.25,-37.8180337,144.9578718,0,8.345,16.0081175
ORDX03641,2018-03-16,10:21:58,Breakfast,BK,"[('Coffee', 9), ('Eggs', 1)]",89.5,-37.8127512,145.0131535,0,3.634,8.5067548
ORDY04720,2018-01-28,08:50:42,Breakfast,TP,"[('Coffee', 5), ('Eggs', 3)]",103.5,-37.8103392,144.9375626,0,10.396,21.5863299
ORDZ01962,2018-01-02,08:00:00,Breakfast,NS,"[('Eggs', 3), ('Cereal', 8), ('Pancake', 3)]",306.75,-37.8141226,144.9444126,1,9.302,7.7169085
ORDZ02593,2018-02-23,09:41:24,Breakfast,NS,"[('Pancake', 3), ('Cereal', 1), ('Coffee', 10), ('Eggs', 1)]",190.75,-37.8064885,144.9329212,0,10.2,7.637816
ORDB01751,2018-06-02,13:04:13,Lunch,TP,"[('Salad', 10), ('Chicken', 5), ('Fries', 6)]",404.0,-37.8159141,144.9722493,0,8.207,13.3479609
ORDC03361,2018-06-21,13:34:38,Lunch,NS,"[('Fries', 6), ('Chicken', 8), ('Burger', 3), ('Salad', 7)]",541.4,-37.7994744,145.0021407,0,9.688,15.2459289
ORDZ06784,2018-08-19,15:36:20,Lunch,NS,"[('Chicken', 9), ('Burger', 7)]",505.0,-37.8257446,144.9400985,0,11.462,19.1467041
ORDX04567,2018-01-19,08:30:25,Breakfast,BK,"[('Pancake', 4), ('Cereal', 9)]",286.0,-37.8061196,144.9561539,0,8.358,13.1839263
ORDA01487,2018-02-03,09:00:50,Breakfast,BK,"[('Pancake', 4), ('Cereal', 5)]",202.0,-37.8216112,144.9613432,0,8.236,15.8121772
ORDA07315,2018-06-07,13:14:21,Lunch,BK,"[('Salad', 6), ('Burger', 2)]",165.2,-37.8081027,144.9525886,0,8.679,14.6994341
ORDJ07649,2018-03-10,10:11:49,Breakfast,TP,"[('Pancake', 10), ('Coffee', 5), ('Eggs', 7), ('Cereal', 10)]",644.0,-37.8230387,144.9759409,0,8.172,12.5795946
ORDC09773,2018-11-26,18:49:00,Dinner,NS,"[('Pasta', 5), ('Salmon', 8)]",465.5,-37.8231328,144.9517408,0,9.818,15.0212806
ORDC03924,2018-11-30,18:59:09,Dinner,NS,"[('Salmon', 7), ('Fish&Chips', 6), ('Pasta', 7)]",689.5,-37.8154544,144.9665483,0,8.077,14.3798741
ORDX05734,2018-03-22,10:32:06,Breakfast,BK,"[('Pancake', 9), ('Cereal', 2)]",260.25,-37.800181,144.9548982,0,8.512,13.0854663
ORDI07878,2018-03-10,10:11:49,Breakfast,NS,"[('Pancake', 3), ('Cereal', 2), ('Eggs', 2), ('Coffee', 8)]",218.75,-37.8230592,144.9764141,0,9.018,15.7010366
ORDC00281,2018-03-06,10:01:41,Breakfast,NS,"[('Cereal', 4), ('Eggs', 7), ('Coffee', 8)]",298.0,-37.8131977,144.9513797,0,8.583,13.6269411
ORDC04600,2018-05-09,12:13:31,Lunch,NS,"[('Salad', 10), ('Fries', 7), ('Chicken', 3), ('Burger', 7)]",569.0,-37.8253991,144.9443885,0,10.859,16.1049645
ORDC00467,2018-09-14,16:27:02,Dinner,NS,"[('Fish&Chips', 5), ('Shrimp', 2), ('Salmon', 10)]",693.0,-37.8130455,144.9659299,0,7.774,13.6295025
ORDC09566,2018-03-28,10:52:23,Breakfast,NS,"[('Pancake', 9), ('Cereal', 5), ('Eggs', 8)]",499.25,-37.8188115,144.9625514,0,8.726,13.6474219
ORDX00610,2018-12-07,19:19:26,Dinner,BK,"[('Pasta', 10), ('Shrimp', 1), ('Fish&Chips', 3), ('Salmon', 7)]",721.0,-37.8129246,144.9714506,0,7.005,13.8131489
ORDA07646,2018-03-11,10:11:49,Breakfast,BK,"[('Eggs', 10), ('Coffee', 9), ('Pancake', 8)]",481.5,-37.8167011,144.9662052,0,7.538,14.6864978
ORDB10472,2018-06-30,13:54:55,Lunch,TP,"[('Fries', 6), ('Chicken', 4), ('Salad', 7)]",320.4,-37.8109485,144.9389868,0,10.25,14.9097516
ORDJ05283,2018-09-22,16:47:19,Dinner,TP,"[('Fish&Chips', 3), ('Shrimp', 3)]",267.0,-37.8240593,144.9735177,0,8.391,14.2970073
ORDZ02369,2018-01-25,08:40:33,Breakfast,NS,"[('Coffee', 10), ('Pancake', 4), ('Cereal', 2)]",214.0,-37.8103271,144.961445,0,7.644,6.22769035
ORDY00205,2018-02-20,09:41:24,Breakfast,TP,"[('Eggs', 2), ('Pancake', 7)]",213.75,-37.82072,144.9559442,0,8.104,10.8452649
ORDX07799,2018-04-08,11:12:40,Breakfast,BK,"[('Coffee', 1), ('Eggs', 8)]",183.5,-37.8174572,144.967618,0,7.402,14.5432051
ORDA10177,2018-03-15,10:21:58,Breakfast,BK,"[('Pancake', 7), ('Eggs', 6)]",301.75,-37.8011208,145.0052964,0,4.781,5.0049191
ORDB06339,2018-12-13,19:29:34,Dinner,TP,"[('Salmon', 5), ('Shrimp', 5)]",475.0,-37.8178023,144.9317543,0,10.753,14.6612473
ORDY00006,2018-11-10,18:18:35,Dinner,TP,"[('Shrimp', 6), ('Fish&Chips', 5)]",499.0,-37.8196142,145.0099096,0,11.474,16.9230134
ORDA02837,2018-11-28,18:59:09,Dinner,BK,"[('Shrimp', 2), ('Salmon', 1), ('Fish&Chips', 2), ('Pasta', 5)]",356.5,-37.8181858,144.975564,0,7.056,13.7154941
ORDI01881,2018-02-09,09:10:59,Breakfast,NS,"[('Cereal', 6), ('Coffee', 8), ('Pancake', 1), ('Eggs', 4)]",298.25,-37.7994034,144.9594815,0,7.221,11.7676738
ORDJ07333,2018-03-01,09:51:32,Breakfast,TP,"[('Cereal', 6), ('Coffee', 3), ('Pancake', 8)]",342.5,-37.8232057,144.9379006,0,9.735,12.6287514
ORDB08578,2018-08-17,15:36:20,Lunch,TP,"[('Fries', 7), ('Salad', 4), ('Steak', 6), ('Burger', 1), ('Chicken', 6)]",645.8,-37.8223921,144.9701332,0,7.933,11.54231
ORDX04335,2018-05-26,12:43:56,Lunch,BK,"[('Burger', 4), ('Salad', 4)]",192.8,-37.8059424,144.9788756,0,6.295,15.0272082
ORDI08478,2018-05-25,12:43:56,Lunch,NS,"[('Fries', 6), ('Salad', 5)]",158.0,-37.8249905,144.9494115,0,10.243,15.848731
ORDC06243,2018-12-05,19:09:17,Dinner,NS,"[('Shrimp', 4), ('Salmon', 1), ('Fish&Chips', 10), ('Pasta', 10)]",882.0,-37.8019828,144.9596349,0,7.247,13.4108703
ORDZ07526,2018-11-15,18:28:43,Dinner,NS,"[('Fish&Chips', 1), ('Salmon', 7), ('Pasta', 4)]",432.0,-37.8097832,144.9784224,0,7.701,13.1586623
ORDJ08095,2018-10-13,17:27:53,Dinner,TP,"[('Fish&Chips', 1), ('Salmon', 4), ('Shrimp', 10)]",739.0,-37.8207499,144.9574438,0,8.0,14.0400834
ORDB02747,2018-09-19,16:37:10,Dinner,TP,"[('Fish&Chips', 1), ('Pasta', 2), ('Shrimp', 2), ('Salmon', 6)]",444.0,-37.8222687,144.9506507,0,8.6,12.8774069
ORDK03510,2018-06-12,13:14:21,Lunch,BK,"[('Chicken', 8), ('Steak', 9), ('Burger', 1)]",692.0,-37.8154174,144.941322,0,9.631,15.4673383
ORDZ01803,2018-02-15,09:21:07,Breakfast,NS,"[('Pancake', 6), ('Eggs', 4)]",233.5,-37.8110063,145.005156,0,9.892,15.1957443
ORDJ08832,2018-12-26,19:49:51,Dinner,TP,"[('Salmon', 2), ('Shrimp', 10)]",622.0,-37.8055673,144.9576512,0,9.177,13.1272818
ORDA07404,2018-07-12,14:25:21,Lunch,BK,"[('Steak', 1), ('Fries', 9)]",153.0,-37.8174842,145.0054383,0,4.242,9.8603264
ORDC01839,2018-03-27,10:42:15,Breakfast,NS,"[('Pancake', 6), ('Coffee', 9), ('Eggs', 10), ('Cereal', 9)]",622.0,-37.8124577,144.9538382,0,8.35,13.0444166
ORDA07888,2018-08-01,14:55:46,Lunch,BK,"[('Chicken', 6), ('Fries', 5), ('Burger', 6), ('Steak', 4)]",618.0,-37.7997388,144.9611291,0,8.28,14.2875896
ORDY03775,2018-12-03,19:09:17,Dinner,TP,"[('Salmon', 9), ('Fish&Chips', 2), ('Shrimp', 3)]",601.0,-37.8175175,144.9591768,0,7.952,18.55725495
ORDY01212,2018-02-10,09:21:07,Breakfast,TP,"[('Cereal', 6), ('Pancake', 5), ('Eggs', 9)]",445.25,-37.8077569,144.9659547,0,8.998,12.8133625
ORDI09323,2018-01-25,08:40:33,Breakfast,NS,"[('Coffee', 4), ('Pancake', 5), ('Eggs', 7)]",305.25,-37.8101955,144.963686,0,7.625,12.536272
ORDA00338,2018-06-23,13:44:47,Lunch,BK,"[('Steak', 10), ('Burger', 7), ('Fries', 2), ('Salad', 1), ('Chicken', 5)]",868.2,-37.7993985,144.9997805,0,5.387,13.8187194
ORDA08976,2018-03-13,10:21:58,Breakfast,BK,"[('Coffee', 8), ('Eggs', 4), ('Pancake', 7)]",317.75,-37.8201228,144.9684375,0,7.7,12.8920175
ORDA01549,2018-12-20,19:39:43,Dinner,BK,"[('Pasta', 6), ('Salmon', 8)]",493.0,-37.8131622,144.9335246,0,11.187,18.1023198
ORDZ03441,2018-11-05,18:08:27,Dinner,NS,"[('Salmon', 9), ('Pasta', 4), ('Shrimp', 8)]",911.0,-37.8226443,145.0030338,0,10.694,16.7960296
ORDX08021,2018-09-12,16:27:02,Dinner,BK,"[('Fish&Chips', 4), ('Pasta', 4)]",250.0,-37.8229196,144.9649032,0,8.222,14.9846611
ORDA02935,2018-12-23,19:49:51,Dinner,BK,"[('Salmon', 7), ('Pasta', 6), ('Shrimp', 8)]",884.0,-37.8185975,145.0049724,0,4.396,20.34295095
ORDI08858,2018-12-26,19:49:51,Dinner,NS,"[('Pasta', 3), ('Shrimp', 8)]",514.5,-37.8196627,144.9520262,0,9.39,15.6804204
ORDB10665,2018-01-10,08:10:08,Breakfast,TP,"[('Cereal', 3), ('Eggs', 7)]",217.0,-37.8257611,144.9601989,1,7.938,5.7392318
ORDC08101,2018-08-14,15:26:11,Lunch,NS,"[('Burger', 1), ('Salad', 9)]",185.8,-37.8113585,145.0017717,0,9.817,15.6038447
ORDC10528,2018-03-17,10:21:58,Breakfast,NS,"[('Pancake', 10), ('Eggs', 10), ('Cereal', 1), ('Coffee', 4)]",513.5,-37.8076334,144.9422621,0,9.366,16.7042288
ORDC07855,2018-12-15,19:29:34,Dinner,NS,"[('Pasta', 9), ('Fish&Chips', 2)]",317.5,-37.8230928,144.9891554,0,9.53,17.5677291
ORDY00708,2018-04-13,11:22:49,Breakfast,TP,"[('Coffee', 4), ('Cereal', 9), ('Pancake', 6)]",364.5,-37.8025084,144.9477412,0,10.221,12.7106066
ORDK02152,2018-11-19,18:38:52,Dinner,BK,"[('Shrimp', 1), ('Fish&Chips', 5), ('Pasta', 3)]",311.5,-37.8239102,144.9901857,0,6.237,13.2077579
ORDA07289,2018-01-26,08:40:33,Breakfast,BK,"[('Cereal', 7), ('Pancake', 10), ('Eggs', 2), ('Coffee', 1)]",441.0,-37.8244678,144.9565472,0,8.823,14.5304192
ORDI00810,2018-03-04,10:01:41,Breakfast,NS,"[('Coffee', 7), ('Cereal', 7)]",199.5,-37.81931,145.0016982,0,10.333,17.5803862
ORDC01569,2018-07-31,14:55:46,Lunch,NS,"[('Salad', 9), ('Chicken', 5), ('Steak', 5), ('Fries', 5)]",599.8,-37.7995297,144.9551395,0,7.484,13.1546589
ORDC03512,2018-08-16,15:26:11,Lunch,NS,"[('Fries', 8), ('Salad', 2), ('Steak', 6), ('Chicken', 4), ('Burger', 4)]",652.4,-37.8103055,144.9983112,0,9.28,14.9901227
ORDK08744,2018-04-25,11:43:05,Breakfast,BK,"[('Pancake', 7), ('Cereal', 8)]",337.75,-37.8188887,144.9531262,0,8.814,14.2645863
ORDK03089,2018-01-07,08:10:08,Breakfast,BK,"[('Cereal', 8), ('Coffee', 2)]",183.0,-37.8133342,144.9368117,1,10.032,8.5772293
ORDA07503,2018-02-01,09:00:50,Breakfast,BK,"[('Pancake', 8), ('Cereal', 4), ('Eggs', 9), ('Coffee', 6)]",521.0,-37.824527,144.9884597,0,6.431,11.0554943
ORDX00188,2018-07-12,14:25:21,Lunch,BK,"[('Steak', 2), ('Salad', 5)]",176.0,-37.8275615,144.9828777,0,8.053,13.8220038
ORDJ09226,2018-07-14,14:25:21,Lunch,TP,"[('Fries', 4), ('Chicken', 5)]",208.0,-37.8186836,144.9996685,0,10.561,15.1968591
ORDC07237,2018-11-17,18:38:52,Dinner,NS,"[('Salmon', 3), ('Fish&Chips', 1)]",158.0,-37.7989073,144.9700089,0,6.302,15.0199044
ORDC10151,2018-07-22,14:35:29,Lunch,NS,"[('Salad', 6), ('Burger', 5), ('Chicken', 6), ('Fries', 4), ('Steak', 1)]",543.2,-37.8085721,144.9476819,0,8.844,16.5864916
ORDA08622,2018-01-16,08:30:25,Breakfast,BK,"[('Coffee', 9), ('Eggs', 1), ('Pancake', 8), ('Cereal', 6)]",409.5,-37.8057182,144.9327928,1,10.312,7.8944336
ORDA07217,2018-02-10,09:10:59,Breakfast,BK,"[('Pancake', 1), ('Coffee', 7)]",76.75,-37.8070779,144.9656769,0,7.196,15.0458363
ORDK08849,2018-03-04,10:01:41,Breakfast,BK,"[('Eggs', 2), ('Pancake', 6)]",189.5,-37.8011421,144.9682916,0,7.615,15.0441742
ORDC04325,2018-08-27,15:56:37,Lunch,NS,"[('Fries', 9), ('Burger', 10), ('Steak', 1), ('Salad', 6), ('Chicken', 8)]",822.2,-37.8191206,144.9597134,0,8.903,14.1576241
ORDB06480,2018-11-28,18:59:09,Dinner,TP,"[('Shrimp', 8), ('Salmon', 8), ('Pasta', 5), ('Fish&Chips', 8)]",1177.5,-37.8238862,145.0103172,0,11.479,14.9812469
ORDI09994,2018-08-18,15:36:20,Lunch,NS,"[('Fries', 5), ('Burger', 5), ('Salad', 4), ('Steak', 7), ('Chicken', 10)]",918.8,-37.8104531,145.0037593,0,9.782,17.3185062
ORDK10215,2018-07-11,14:15:12,Lunch,BK,"[('Salad', 6), ('Steak', 2), ('Chicken', 3), ('Fries', 7)]",373.2,-37.803208,144.9738755,0,7.011,12.9442896
ORDI08953,2018-12-10,19:19:26,Dinner,NS,"[('Shrimp', 9), ('Pasta', 8), ('Salmon', 2)]",788.0,-37.812761,144.9720093,0,7.617,13.1838611
ORDC08870,2018-03-16,10:21:58,Breakfast,NS,"[('Coffee', 1), ('Eggs', 1), ('Cereal', 2)]",71.5,-37.8011582,144.9576924,0,7.363,12.5802401
ORDJ08528,2018-10-11,17:17:44,Dinner,TP,"[('Pasta', 5), ('Shrimp', 6), ('Salmon', 5), ('Fish&Chips', 5)]",841.5,-37.8119583,144.9535025,0,8.944,13.4637407
ORDB06003,2018-01-18,08:30:25,Breakfast,TP,"[('Cereal', 6), ('Pancake', 3), ('Eggs', 10)]",418.75,-37.8143618,145.0140941,1,12.414,7.3507329
ORDK07810,2018-02-17,09:31:16,Breakfast,BK,"[('Eggs', 6), ('Coffee', 10), ('Pancake', 8)]",401.0,-37.8252921,144.9821561,0,7.002,14.5906209
ORDZ02494,2018-08-04,15:05:54,Lunch,NS,"[('Salad', 7), ('Burger', 5), ('Chicken', 9), ('Steak', 2), ('Fries', 1)]",665.4,-37.8035236,144.9498862,0,8.333,15.1838756
ORDB04272,2018-12-02,19:09:17,Dinner,TP,"[('Salmon', 3), ('Fish&Chips', 4)]",263.0,-37.8210935,144.9878702,0,9.411,14.6184715
ORDX10669,2018-03-30,10:52:23,Breakfast,BK,"[('Cereal', 2), ('Coffee', 4), ('Pancake', 9)]",290.25,-37.8010955,144.9567447,0,8.296,13.5192793
ORDY10076,2018-09-25,16:47:19,Dinner,TP,"[('Salmon', 4), ('Pasta', 2), ('Shrimp', 5)]",489.0,-37.8034065,144.9665448,0,9.489,13.345636
ORDI07137,2018-10-10,17:17:44,Dinner,NS,"[('Fish&Chips', 9), ('Salmon', 9), ('Pasta', 4), ('Shrimp', 5)]",1064.0,-37.8126496,144.9527667,0,8.558,14.4622549
ORDX06257,2018-03-17,10:21:58,Breakfast,BK,"[('Eggs', 7), ('Coffee', 1), ('Pancake', 3), ('Cereal', 5)]",339.25,-37.8078225,144.9713961,0,6.687,7.04076065
ORDK02589,2018-03-20,10:32:06,Breakfast,BK,"[('Pancake', 9), ('Coffee', 6), ('Cereal', 1)]",284.25,-37.8095602,144.9574876,0,8.032,13.2055392
ORDK04328,2018-05-28,12:54:05,Lunch,BK,"[('Salad', 9), ('Chicken', 10), ('Burger', 6), ('Steak', 8)]",1020.8,-37.8083001,144.9661292,0,7.199,12.9577291
ORDC01638,2018-01-26,08:50:42,Breakfast,NS,"[('Coffee', 1), ('Pancake', 2), ('Cereal', 7), ('Eggs', 6)]",335.0,-37.8189974,144.9465067,0,9.62,14.6113677
ORDK07896,2018-02-14,09:21:07,Breakfast,BK,"[('Cereal', 2), ('Eggs', 2), ('Coffee', 9), ('Pancake', 6)]",299.0,-37.8113305,144.9629945,0,7.608,12.3734369
ORDZ03679,2018-04-05,11:02:32,Breakfast,NS,"[('Pancake', 9), ('Cereal', 1), ('Coffee', 10)]",314.25,-37.8177257,144.9518751,0,9.133,14.469294
ORDB04290,2018-01-11,08:20:16,Breakfast,TP,"[('Cereal', 3), ('Coffee', 2)]",78.0,-37.8164058,144.9839794,1,9.257,6.1190865
ORDB04481,2018-06-13,13:24:30,Lunch,TP,"[('Chicken', 4), ('Salad', 4), ('Burger', 8)]",444.8,-37.8130627,145.0117925,0,12.223,15.0419015
ORDK03095,2018-12-22,19:49:51,Dinner,BK,"[('Shrimp', 7), ('Salmon', 3), ('Fish&Chips', 9)]",816.0,-37.8184144,144.9473841,0,9.265,18.3960825
ORDC00525,2018-02-10,09:21:07,Breakfast,NS,"[('Cereal', 6), ('Coffee', 9), ('Pancake', 6)]",339.0,-37.8068625,144.9659449,0,7.077,13.791018
ORDJ03851,2018-07-19,14:35:29,Lunch,TP,"[('Salad', 1), ('Chicken', 3), ('Steak', 3), ('Burger', 3), ('Fries', 2)]",365.2,-37.8094958,145.0101169,0,12.256,15.2458931
ORDY08919,2018-03-18,10:32:06,Breakfast,TP,"[('Pancake', 7), ('Cereal', 6), ('Coffee', 2)]",310.75,-37.8150314,144.9528897,0,8.785,13.009631
ORDY00787,2018-10-31,17:58:18,Dinner,TP,"[('Shrimp', 8), ('Pasta', 3), ('Salmon', 8), ('Fish&Chips', 2)]",912.5,-37.8197216,144.9514715,0,8.659,12.2803925
ORDB05606,2018-07-29,14:55:46,Lunch,TP,"[('Salad', 2), ('Steak', 5)]",259.4,-37.8126793,144.9595761,0,8.502,13.9576501
ORDX07725,2018-07-08,14:15:12,Lunch,BK,"[('Chicken', 10), ('Salad', 10), ('Steak', 1)]",537.0,-37.8067796,144.9994498,0,4.613,12.7791668
ORDI10743,2018-06-27,13:44:47,Lunch,NS,"[('Burger', 9), ('Fries', 1), ('Chicken', 1)]",323.0,-37.8165514,144.9458975,0,9.295,14.9240706
ORDA03758,2018-11-07,18:18:35,Dinner,BK,"[('Salmon', 5), ('Fish&Chips', 3)]",310.0,-37.81031,144.9615039,0,7.608,14.8564166
ORDI04159,2018-02-16,09:31:16,Breakfast,NS,"[('Eggs', 3), ('Coffee', 6)]",111.0,-37.8005373,144.9459215,0,8.396,13.6244788
ORDC08983,2018-01-08,08:10:08,Breakfast,NS,"[('Coffee', 1), ('Cereal', 7), ('Pancake', 4)]",251.5,-37.8094573,144.9815671,1,7.897,6.548811
ORDX07724,2018-01-21,08:40:33,Breakfast,BK,"[('Pancake', 2), ('Coffee', 6)]",93.5,-37.8040872,144.9774972,0,6.625,14.1359721
ORDC06867,2018-04-28,11:53:14,Breakfast,NS,"[('Pancake', 9), ('Cereal', 9), ('Coffee', 6)]",452.25,-37.816417,144.9763464,0,8.271,7.5967736
ORDI08198,2018-12-08,19:19:26,Dinner,NS,"[('Salmon', 9), ('Fish&Chips', 5), ('Pasta', 4)]",654.0,-37.8211244,144.9475102,0,9.826,17.9993788
ORDX08430,2018-06-16,13:24:30,Lunch,BK,"[('Salad', 4), ('Burger', 7), ('Chicken', 4), ('Steak', 7), ('Fries', 9)]",836.8,-37.8187929,144.9738324,0,7.31,15.5965625
ORDC08910,2018-06-21,13:34:38,Lunch,NS,"[('Fries', 2), ('Burger', 4)]",148.0,-37.80009,144.9620352,0,6.867,12.2167412
ORDY07620,2018-04-16,11:22:49,Breakfast,TP,"[('Pancake', 3), ('Cereal', 9), ('Eggs', 1), ('Coffee', 3)]",306.25,-37.8136016,144.9572596,0,8.426,11.0685195
ORDY04450,2018-03-07,10:01:41,Breakfast,TP,"[('Coffee', 1), ('Eggs', 5), ('Pancake', 10)]",360.0,-37.81916,144.9847744,0,9.239,11.5679296
ORDK03524,2018-03-23,10:42:15,Breakfast,BK,"[('Cereal', 5), ('Coffee', 4), ('Pancake', 9), ('Eggs', 1)]",375.25,-37.8202215,144.9851673,0,6.34,11.1740915
ORDJ08967,2018-08-28,15:56:37,Lunch,TP,"[('Fries', 7), ('Burger', 2)]",146.0,-37.8084225,144.979799,0,9.515,12.4181115
ORDI07270,2018-09-24,16:47:19,Dinner,NS,"[('Pasta', 10), ('Fish&Chips', 3), ('Salmon', 6)]",626.0,-37.8167053,144.9881955,0,9.047,15.3482619
ORDI07724,2018-04-27,11:43:05,Breakfast,NS,"[('Eggs', 7), ('Coffee', 10), ('Cereal', 4)]",313.0,-37.8008898,144.9875595,0,7.786,12.4928305
ORDB09529,2018-07-07,14:15:12,Lunch,TP,"[('Fries', 7), ('Burger', 1), ('Salad', 2)]",149.4,-37.8083358,145.0117785,0,12.375,16.6373832
ORDA01878,2018-10-22,17:48:10,Dinner,BK,"[('Salmon', 5), ('Pasta', 1), ('Fish&Chips', 2), ('Shrimp', 7)]",680.5,-37.8203215,144.9640179,0,7.997,15.2472472
ORDC06368,2018-03-23,10:42:15,Breakfast,NS,"[('Cereal', 6), ('Coffee', 7)]",178.5,-37.819997,144.9853336,0,9.106,21.3668001
ORDY06353,2018-10-22,17:48:10,Dinner,TP,"[('Pasta', 7), ('Salmon', 8), ('Fish&Chips', 7), ('Shrimp', 7)]",1143.5,-37.8117319,145.0078157,0,11.693,15.7603448
ORDB08532,2018-06-24,13:44:47,Lunch,TP,"[('Salad', 9), ('Steak', 9), ('Burger', 7), ('Fries', 5), ('Chicken', 3)]",932.8,-37.8258144,144.9829053,0,8.895,20.82467955
ORDX06632,2018-12-03,19:09:17,Dinner,BK,"[('Shrimp', 9), ('Pasta', 2)]",541.0,-37.8182346,144.9566501,0,8.463,15.4613123
ORDB05281,2018-02-11,09:21:07,Breakfast,TP,"[('Pancake', 3), ('Eggs', 6)]",204.75,-37.8121597,144.9704571,0,8.643,12.9998126
ORDJ00660,2018-04-05,11:02:32,Breakfast,TP,"[('Pancake', 2), ('Cereal', 5), ('Coffee', 10)]",228.5,-37.8221838,144.9334942,0,10.142,12.9026878
ORDJ02486,2018-07-10,14:15:12,Lunch,TP,"[('Fries', 7), ('Chicken', 2), ('Burger', 8), ('Steak', 8), ('Salad', 4)]",824.8,-37.8245586,144.984718,0,8.901,12.6197499
ORDY04274,2018-09-02,16:06:45,Dinner,TP,"[('Salmon', 2), ('Pasta', 10), ('Shrimp', 8)]",789.0,-37.8141702,144.9630544,0,8.03,6.71079485
ORDC04769,2018-03-14,10:21:58,Breakfast,NS,"[('Coffee', 4), ('Eggs', 3), ('Pancake', 5), ('Cereal', 4)]",301.25,-37.8067131,144.9688406,0,6.802,18.086418600000002
ORDI01717,2018-06-14,13:24:30,Lunch,NS,"[('Steak', 2), ('Fries', 3), ('Salad', 2), ('Chicken', 3), ('Burger', 1)]",287.4,-37.8003684,144.967071,0,6.459,11.5884684
ORDY10328,2018-07-31,14:55:46,Lunch,TP,"[('Salad', 5), ('Chicken', 4), ('Burger', 3), ('Steak', 5)]",532.0,-37.8009468,144.9685286,0,9.864,13.2242767
ORDC02594,2018-11-10,18:18:35,Dinner,NS,"[('Fish&Chips', 1), ('Shrimp', 4)]",251.0,-37.8157663,144.9665926,0,8.118,15.8815145
ORDY05764,2018-11-01,18:08:27,Dinner,TP,"[('Fish&Chips', 10), ('Salmon', 5)]",555.0,-37.8253037,144.9806862,0,9.005,13.1902497
ORDJ00166,2018-08-31,15:56:37,Lunch,TP,"[('Fries', 1), ('Chicken', 5)]",172.0,-37.8006398,144.9576203,0,9.634,12.8979472
ORDK05159,2018-01-21,08:40:33,Breakfast,BK,"[('Pancake', 8), ('Cereal', 5)]",299.0,-37.8038983,144.9674978,0,7.357,14.6174177
ORDB10861,2018-03-20,10:32:06,Breakfast,TP,"[('Cereal', 8), ('Coffee', 3), ('Pancake', 9)]",408.75,-37.8099171,144.9582162,0,8.835,11.3912304
ORDK02743,2018-12-25,19:49:51,Dinner,BK,"[('Shrimp', 4), ('Pasta', 8), ('Fish&Chips', 8)]",716.0,-37.8251297,144.9567189,0,8.88,15.8048044
ORDK10471,2018-08-05,15:05:54,Lunch,BK,"[('Steak', 9), ('Salad', 8), ('Chicken', 7), ('Fries', 6)]",838.6,-37.8132897,144.9514657,0,8.558,17.198516
ORDZ08412,2018-08-30,15:56:37,Lunch,NS,"[('Chicken', 2), ('Fries', 3), ('Steak', 4), ('Burger', 10)]",590.0,-37.8087053,144.9615687,0,7.845,13.4908021
ORDC03083,2018-01-10,08:10:08,Breakfast,NS,"[('Coffee', 4), ('Eggs', 10), ('Pancake', 6), ('Cereal', 5)]",500.5,-37.80646,144.9570606,1,8.228,6.1802038
ORDZ02506,2018-08-11,15:16:03,Lunch,NS,"[('Burger', 4), ('Fries', 8), ('Chicken', 8), ('Steak', 8)]",836.0,-37.8058242,144.9366869,0,9.741,17.7824549
ORDC05557,2018-12-20,19:39:43,Dinner,NS,"[('Shrimp', 8), ('Salmon', 1), ('Fish&Chips', 5), ('Pasta', 7)]",840.5,-37.8130106,144.93361,0,8.924,14.2752145
ORDK08208,2018-09-28,16:57:27,Dinner,BK,"[('Salmon', 3), ('Shrimp', 3), ('Pasta', 9)]",532.5,-37.7996634,144.944143,0,9.425,16.3213987
ORDX06314,2018-08-20,15:36:20,Lunch,BK,"[('Fries', 6), ('Burger', 3), ('Steak', 10)]",615.0,-37.8083307,144.9409115,0,9.907,16.1040768
ORDA00144,2018-07-19,14:35:29,Lunch,BK,"[('Chicken', 1), ('Fries', 5), ('Salad', 3), ('Burger', 5), ('Steak', 3)]",433.6,-37.8057097,144.9772035,0,6.445,12.3670795
ORDK07715,2018-07-30,14:55:46,Lunch,BK,"[('Chicken', 3), ('Steak', 4), ('Fries', 10)]",396.0,-37.8096117,144.9723552,0,6.734,12.3148053
ORDI08209,2018-05-11,12:13:31,Lunch,NS,"[('Burger', 7), ('Chicken', 10), ('Fries', 5), ('Salad', 7), ('Steak', 7)]",1032.4,-37.8108844,144.9901876,0,8.758,14.1652443
ORDA03409,2018-04-01,10:52:23,Breakfast,BK,"[('Cereal', 3), ('Eggs', 2), ('Pancake', 10)]",349.5,-37.8185145,144.9540726,0,8.736,16.143255
ORDI10745,2018-10-24,17:48:10,Dinner,NS,"[('Fish&Chips', 4), ('Salmon', 6)]",386.0,-37.7964758,144.9513026,0,7.964,20.70417165
ORDJ03945,2018-08-15,15:26:11,Lunch,TP,"[('Salad', 7), ('Burger', 8), ('Chicken', 5)]",528.4,-37.8083939,144.9757389,0,9.201,12.5509037
ORDX05118,2018-09-11,16:16:54,Dinner,BK,"[('Pasta', 1), ('Shrimp', 10), ('Fish&Chips', 2)]",637.5,-37.8103856,144.9615869,0,7.614,14.4422225
ORDY06588,2018-12-14,19:29:34,Dinner,TP,"[('Pasta', 10), ('Shrimp', 4), ('Salmon', 5)]",696.0,-37.8201575,144.9651789,0,7.273,5.7959559
ORDI00042,2018-07-22,14:35:29,Lunch,NS,"[('Burger', 6), ('Salad', 2), ('Steak', 4), ('Chicken', 5)]",560.4,-37.8269391,145.0094593,0,11.726,19.3520509
ORDB00321,2018-02-14,09:21:07,Breakfast,TP,"[('Eggs', 9), ('Cereal', 9), ('Pancake', 1), ('Coffee', 9)]",478.75,-37.8064508,144.9594605,0,8.963,5.699278
ORDJ08145,2018-02-20,09:31:16,Breakfast,TP,"[('Eggs', 6), ('Pancake', 6), ('Coffee', 6)]",322.5,-37.8034238,144.9540106,0,9.645,12.2886553
ORDY05057,2018-11-02,18:08:27,Dinner,TP,"[('Pasta', 9), ('Salmon', 5)]",452.5,-37.8009849,144.9786899,0,10.17,14.2781167
ORDJ10419,2018-10-04,17:07:36,Dinner,TP,"[('Fish&Chips', 9), ('Shrimp', 8), ('Salmon', 6)]",993.0,-37.8086953,144.9421307,0,10.033,13.3823229
ORDX10270,2018-12-02,19:09:17,Dinner,BK,"[('Pasta', 1), ('Shrimp', 3), ('Fish&Chips', 10)]",539.5,-37.8144942,144.9695523,0,7.245,16.5573993
ORDI01834,2018-09-11,16:16:54,Dinner,NS,"[('Pasta', 6), ('Fish&Chips', 5)]",340.0,-37.8083276,144.9677601,0,7.026,6.4917352
ORDB04157,2018-07-28,14:55:46,Lunch,TP,"[('Salad', 7), ('Fries', 10), ('Burger', 7), ('Steak', 5)]",682.4,-37.8019674,144.9594925,0,9.502,7.41453825
ORDK09187,2018-12-07,19:19:26,Dinner,BK,"[('Salmon', 7), ('Pasta', 7), ('Shrimp', 6), ('Fish&Chips', 1)]",838.5,-37.8207878,144.9480478,0,9.276,16.2505905
ORDB02547,2018-08-27,15:56:37,Lunch,TP,"[('Salad', 9), ('Fries', 7), ('Steak', 2)]",328.8,-37.8025553,144.9812484,0,10.207,13.3709471
ORDZ10478,2018-12-13,19:29:34,Dinner,NS,"[('Shrimp', 2), ('Pasta', 6), ('Fish&Chips', 8)]",553.0,-37.8181278,144.9294773,0,9.755,15.7332402
ORDK00402,2018-05-21,12:33:48,Lunch,BK,"[('Burger', 4), ('Steak', 3)]",259.0,-37.8194843,144.9776749,0,7.056,12.9078348
ORDK00591,2018-10-20,17:38:01,Dinner,BK,"[('Shrimp', 2), ('Fish&Chips', 5)]",283.0,-37.8254649,144.957204,0,8.852,18.6468492
ORDK07210,2018-07-31,14:55:46,Lunch,BK,"[('Fries', 6), ('Burger', 5), ('Chicken', 9), ('Steak', 3)]",650.0,-37.8110272,144.9900001,0,5.122,10.2760533
ORDI02805,2018-02-28,09:51:32,Breakfast,NS,"[('Coffee', 3), ('Cereal', 9)]",211.5,-37.8036361,144.9322365,0,9.971,14.726912
ORDK08237,2018-05-01,11:53:14,Breakfast,BK,"[('Eggs', 1), ('Pancake', 10)]",264.5,-37.8032483,145.0017996,0,5.115,9.8502204
ORDJ09861,2018-08-23,15:46:28,Lunch,TP,"[('Steak', 8), ('Salad', 6)]",463.2,-37.8142705,144.935746,0,10.603,13.2270816
ORDC00230,2018-08-03,15:05:54,Lunch,NS,"[('Steak', 7), ('Salad', 7)]",435.4,-37.8147213,144.9903858,0,9.088,14.3952934
ORDB08805,2018-06-11,13:14:21,Lunch,TP,"[('Steak', 10), ('Salad', 8), ('Chicken', 2)]",651.6,-37.8138929,144.9592399,0,8.459,11.7441453
ORDY08748,2018-02-19,09:31:16,Breakfast,TP,"[('Coffee', 1), ('Eggs', 1), ('Cereal', 9), ('Pancake', 2)]",267.0,-37.8025466,144.9350257,0,10.952,13.2172484
ORDA09962,2018-09-14,16:27:02,Dinner,BK,"[('Pasta', 7), ('Fish&Chips', 3)]",297.5,-37.8038474,144.9879446,0,5.749,12.4299904
ORDI10023,2018-12-18,19:39:43,Dinner,NS,"[('Salmon', 3), ('Shrimp', 7), ('Fish&Chips', 1), ('Pasta', 4)]",646.0,-37.8090248,144.9469103,0,9.031,14.8599389
ORDA06575,2018-07-21,14:35:29,Lunch,BK,"[('Fries', 4), ('Salad', 8), ('Steak', 4), ('Chicken', 1)]",397.6,-37.8216065,144.9577757,0,8.442,17.3313302
ORDB03368,2018-10-26,17:48:10,Dinner,TP,"[('Pasta', 8), ('Salmon', 1), ('Shrimp', 9)]",747.0,-37.8118576,144.9458988,0,9.841,6.7402196
ORDA09580,2018-05-01,11:53:14,Breakfast,BK,"[('Cereal', 10), ('Coffee', 4), ('Eggs', 8)]",416.0,-37.809082,144.9517116,0,8.569,13.1693806
ORDJ07892,2018-06-06,13:04:13,Lunch,TP,"[('Fries', 7), ('Burger', 9)]",363.0,-37.8031951,144.9491357,0,9.97,13.5591173
ORDI06946,2018-08-10,15:16:03,Lunch,NS,"[('Steak', 8), ('Chicken', 9), ('Fries', 10)]",768.0,-37.8016387,144.9621849,0,6.96,19.0909512
ORDB04679,2018-03-20,10:32:06,Breakfast,TP,"[('Cereal', 5), ('Coffee', 2), ('Eggs', 7), ('Pancake', 5)]",395.25,-37.8095436,144.9595425,0,8.743,11.4569798
ORDX00956,2018-11-24,18:49:00,Dinner,BK,"[('Shrimp', 9), ('Salmon', 8), ('Pasta', 9)]",1061.5,-37.8126683,144.9430737,0,9.393,18.5216278
ORDK10444,2018-06-22,13:44:47,Lunch,BK,"[('Chicken', 10), ('Salad', 10), ('Burger', 1)]",523.0,-37.8105431,145.0093151,0,3.853,9.6154121
ORDC04566,2018-05-25,12:43:56,Lunch,NS,"[('Chicken', 5), ('Steak', 10), ('Salad', 7)]",730.4,-37.8249606,144.9495295,0,10.243,15.8995827
ORDB04494,2018-02-17,09:31:16,Breakfast,TP,"[('Pancake', 8), ('Cereal', 10)]",404.0,-37.8252921,144.9821561,0,8.714,12.5289715
ORDI03336,2018-08-14,15:26:11,Lunch,NS,"[('Steak', 6), ('Chicken', 7), ('Burger', 9)]",773.0,-37.8035969,144.9665117,0,6.732,11.778948
ORDJ04707,2018-11-10,18:18:35,Dinner,TP,"[('Fish&Chips', 3), ('Pasta', 7)]",297.5,-37.8104585,144.9440867,0,9.766,15.2350134
ORDI11078,2018-02-07,09:10:59,Breakfast,NS,"[('Coffee', 7), ('Cereal', 5), ('Eggs', 1), ('Pancake', 8)]",373.5,-37.7999672,144.9797055,0,7.032,11.9611178
ORDI00834,2018-10-06,17:07:36,Dinner,NS,"[('Shrimp', 5), ('Salmon', 2)]",352.0,-37.8233739,144.9787438,0,8.925,16.8187046
ORDI07871,2018-12-20,19:39:43,Dinner,NS,"[('Pasta', 6), ('Fish&Chips', 4), ('Shrimp', 3), ('Salmon', 4)]",631.0,-37.8129576,144.933682,0,8.913,15.2679295
ORDC04958,2018-04-14,11:22:49,Breakfast,NS,"[('Eggs', 2), ('Coffee', 5)]",81.5,-37.8113538,144.9785104,0,7.887,14.8527006
ORDY08768,2018-04-27,11:53:14,Breakfast,TP,"[('Eggs', 6), ('Cereal', 6), ('Coffee', 1)]",265.5,-37.7967403,144.9511115,0,10.314,12.8618828
ORDB07939,2018-04-04,11:02:32,Breakfast,TP,"[('Cereal', 8), ('Coffee', 8)]",228.0,-37.8205798,144.9487118,0,8.875,11.5530142
ORDK07065,2018-11-11,18:18:35,Dinner,BK,"[('Pasta', 10), ('Shrimp', 7), ('Salmon', 10)]",1063.0,-37.799597,144.9256581,0,11.12,20.6804183
ORDZ02060,2018-12-03,19:09:17,Dinner,NS,"[('Salmon', 10), ('Fish&Chips', 7), ('Pasta', 9), ('Shrimp', 5)]",1172.5,-37.817437,145.0143462,0,11.743,17.5720183
ORDA05415,2018-06-19,13:34:38,Lunch,BK,"[('Chicken', 4), ('Steak', 6), ('Salad', 7), ('Burger', 6), ('Fries', 4)]",752.4,-37.8049443,144.9733423,0,6.844,12.3660639
ORDI04271,2018-02-23,09:41:24,Breakfast,NS,"[('Eggs', 4), ('Cereal', 6), ('Pancake', 3), ('Coffee', 9)]",354.25,-37.8067661,144.9322936,0,10.209,14.8483456
ORDB09494,2018-03-20,10:32:06,Breakfast,TP,"[('Cereal', 8), ('Pancake', 7), ('Coffee', 8)]",397.75,-37.8104287,144.9571029,0,8.864,5.68712975
ORDY01001,2018-12-13,19:29:34,Dinner,TP,"[('Pasta', 6), ('Fish&Chips', 5)]",340.0,-37.8154182,144.9916827,0,10.064,13.813377
ORDB06312,2018-02-22,09:41:24,Breakfast,TP,"[('Pancake', 8), ('Coffee', 1)]",201.5,-37.8022971,145.0136632,0,12.852,14.7752054
